file,line,name,scope,disposition,category,kind,realm,status
lua/ace/client/cl_acemenu_gui.lua,19,AmmoBuildList,local,review-required,canonical helper candidate,function,client-or-shared,review-required
lua/ace/client/cl_acemenu_gui.lua,24,,anonymous,review-required,canonical helper candidate,anonymous-function,client-or-shared,review-required
lua/ace/client/cl_acemenu_gui.lua,30,EndNode:DoClick,global,review-required,canonical helper candidate,function,client-or-shared,review-required
lua/ace/client/cl_acemenu_gui.lua,40,PANEL:Init,global,review-required,canonical helper candidate,function,client-or-shared,review-required
lua/ace/client/cl_acemenu_gui.lua,92,,anonymous,review-required,canonical helper candidate,anonymous-function,client-or-shared,review-required
lua/ace/client/cl_acemenu_gui.lua,93,,anonymous,review-required,canonical helper candidate,anonymous-function,client-or-shared,review-required
lua/ace/client/cl_acemenu_gui.lua,94,,anonymous,review-required,canonical helper candidate,anonymous-function,client-or-shared,review-required
lua/ace/client/cl_acemenu_gui.lua,107,,anonymous,review-required,canonical helper candidate,anonymous-function,client-or-shared,review-required
lua/ace/client/cl_acemenu_gui.lua,109,,anonymous,review-required,canonical helper candidate,anonymous-function,client-or-shared,review-required
lua/ace/client/cl_acemenu_gui.lua,121,,anonymous,review-required,canonical helper candidate,anonymous-function,client-or-shared,review-required
lua/ace/client/cl_acemenu_gui.lua,122,,anonymous,review-required,canonical helper candidate,anonymous-function,client-or-shared,review-required
lua/ace/client/cl_acemenu_gui.lua,123,HomeNode:DoClick,global,review-required,canonical helper candidate,function,client-or-shared,review-required
lua/ace/client/cl_acemenu_gui.lua,141,EndNode:DoClick,global,review-required,canonical helper candidate,function,client-or-shared,review-required
lua/ace/client/cl_acemenu_gui.lua,165,EndNode:DoClick,global,review-required,canonical helper candidate,function,client-or-shared,review-required
lua/ace/client/cl_acemenu_gui.lua,189,ExploNode:DoClick,global,review-required,canonical helper candidate,function,client-or-shared,review-required
lua/ace/client/cl_acemenu_gui.lua,235,Item:DoClick,global,review-required,canonical helper candidate,function,client-or-shared,review-required
lua/ace/client/cl_acemenu_gui.lua,267,Item:DoClick,global,review-required,canonical helper candidate,function,client-or-shared,review-required
lua/ace/client/cl_acemenu_gui.lua,279,FuelTanks:DoClick,global,review-required,canonical helper candidate,function,client-or-shared,review-required
lua/ace/client/cl_acemenu_gui.lua,327,EndNode:DoClick,global,review-required,canonical helper candidate,function,client-or-shared,review-required
lua/ace/client/cl_acemenu_gui.lua,347,ItemNode:DoClick,global,review-required,canonical helper candidate,function,client-or-shared,review-required
lua/ace/client/cl_acemenu_gui.lua,365,guicreate,global,review-required,canonical helper candidate,function-assignment,client-or-shared,review-required
lua/ace/client/cl_acemenu_gui.lua,366,guiupdate,global,review-required,canonical helper candidate,function-assignment,client-or-shared,review-required
lua/ace/client/cl_acemenu_gui.lua,368,CrewNode:DoClick,global,review-required,canonical helper candidate,function,client-or-shared,review-required
lua/ace/client/cl_acemenu_gui.lua,383,ItemNode:DoClick,global,review-required,canonical helper candidate,function,client-or-shared,review-required
lua/ace/client/cl_acemenu_gui.lua,404,,anonymous,review-required,canonical helper candidate,anonymous-function,client-or-shared,review-required
lua/ace/client/cl_acemenu_gui.lua,405,,anonymous,review-required,canonical helper candidate,anonymous-function,client-or-shared,review-required
lua/ace/client/cl_acemenu_gui.lua,406,CLNod:DoClick,global,review-required,canonical helper candidate,function,client-or-shared,review-required
lua/ace/client/cl_acemenu_gui.lua,410,SVNod:DoClick,global,review-required,canonical helper candidate,function,client-or-shared,review-required
lua/ace/client/cl_acemenu_gui.lua,426,,anonymous,review-required,canonical helper candidate,anonymous-function,client-or-shared,review-required
lua/ace/client/cl_acemenu_gui.lua,427,Contact:DoClick,global,review-required,canonical helper candidate,function,client-or-shared,review-required
lua/ace/client/cl_acemenu_gui.lua,437,PANEL:UpdateRoundCostPreview,global,review-required,canonical helper candidate,function,client-or-shared,review-required
lua/ace/client/cl_acemenu_gui.lua,463,PANEL:QueueRoundCostPreview,global,review-required,canonical helper candidate,function,client-or-shared,review-required
lua/ace/client/cl_acemenu_gui.lua,469,,anonymous,review-required,canonical helper candidate,anonymous-function,client-or-shared,review-required
lua/ace/client/cl_acemenu_gui.lua,475,PANEL:UpdateDisplay,global,review-required,canonical helper candidate,function,client-or-shared,review-required
lua/ace/client/cl_acemenu_gui.lua,503,acemenupanel.UpdateAttribs,global,review-required,canonical helper candidate,function-assignment,client-or-shared,review-required
lua/ace/client/cl_acemenu_gui.lua,518,PANEL:PerformLayout,global,review-required,canonical helper candidate,function,client-or-shared,review-required
lua/ace/client/cl_acemenu_gui.lua,538,ACE.HomeGUICreate,global,ACE.table,ACE.table,function,client-or-shared,inventory-confirmed
lua/ace/client/cl_acemenu_gui.lua,597,Node:DoClick,global,review-required,canonical helper candidate,function,client-or-shared,review-required
lua/ace/client/cl_acemenu_gui.lua,616,ACE.HomeGUIUpdate,global,ACE.table,ACE.table,function,client-or-shared,inventory-confirmed
lua/ace/client/cl_acemenu_gui.lua,655,ACE.ChangelogHTTPCallBack,global,ACE.table,ACE.table,function,client-or-shared,inventory-confirmed
lua/ace/client/cl_acemenu_gui.lua,671,,anonymous,review-required,canonical helper candidate,anonymous-function,client-or-shared,review-required
lua/ace/client/cl_acemenu_gui.lua,672,,anonymous,review-required,canonical helper candidate,anonymous-function,client-or-shared,review-required
lua/ace/client/cl_acemenu_gui.lua,677,,anonymous,review-required,canonical helper candidate,anonymous-function,client-or-shared,review-required
lua/ace/client/cl_acemenu_gui.lua,678,ACE.CLGUICreate,global,ACE.table,ACE.table,function,client-or-shared,inventory-confirmed
lua/ace/client/cl_acemenu_gui.lua,732,updateSetting,local,review-required,canonical helper candidate,function,client-or-shared,review-required
lua/ace/client/cl_acemenu_gui.lua,741,addHelpText,local,review-required,canonical helper candidate,function,client-or-shared,review-required
lua/ace/client/cl_acemenu_gui.lua,754,addCheckbox,local,review-required,canonical helper candidate,function,client-or-shared,review-required
lua/ace/client/cl_acemenu_gui.lua,761,checkbox:OnChange,global,review-required,canonical helper candidate,function,client-or-shared,review-required
lua/ace/client/cl_acemenu_gui.lua,767,checkbox:SetValueNoSync,global,review-required,canonical helper candidate,function,client-or-shared,review-required
lua/ace/client/cl_acemenu_gui.lua,776,addSlider,local,review-required,canonical helper candidate,function,client-or-shared,review-required
lua/ace/client/cl_acemenu_gui.lua,786,slider:OnValueChanged,global,review-required,canonical helper candidate,function,client-or-shared,review-required
lua/ace/client/cl_acemenu_gui.lua,790,,anonymous,review-required,canonical helper candidate,anonymous-function,client-or-shared,review-required
lua/ace/client/cl_acemenu_gui.lua,796,slider:SetValueNoSync,global,review-required,canonical helper candidate,function,client-or-shared,review-required
lua/ace/client/cl_acemenu_gui.lua,805,ACE.SVGUICreate,global,ACE.table,ACE.table,function,client-or-shared,inventory-confirmed
lua/ace/client/cl_acemenu_gui.lua,974,,anonymous,review-required,canonical helper candidate,anonymous-function,client-or-shared,review-required
lua/ace/client/cl_acemenu_gui.lua,985,ACE.ContactGUICreate,global,ACE.table,ACE.table,function,client-or-shared,inventory-confirmed
lua/ace/client/cl_acemenu_gui.lua,1006,Discord.DoClick,global,review-required,canonical helper candidate,function-assignment,client-or-shared,review-required
lua/ace/client/cl_acemenu_gui.lua,1015,Wiki.DoClick,global,review-required,canonical helper candidate,function-assignment,client-or-shared,review-required
lua/ace/client/cl_acemenu_gui.lua,1024,Guide.DoClick,global,review-required,canonical helper candidate,function-assignment,client-or-shared,review-required
lua/ace/client/cl_acemenu_gui.lua,1036,CreateIdForCrate,local,review-required,canonical helper candidate,function,client-or-shared,review-required
lua/ace/client/cl_acemenu_gui.lua,1055,PANEL:AmmoSelect,global,review-required,canonical helper candidate,function,client-or-shared,review-required
lua/ace/client/cl_acemenu_gui.lua,1091,CrateNewCat:OnToggle,global,review-required,canonical helper candidate,function,client-or-shared,review-required
lua/ace/client/cl_acemenu_gui.lua,1109,CrateOldCat:OnToggle,global,review-required,canonical helper candidate,function,client-or-shared,review-required
lua/ace/client/cl_acemenu_gui.lua,1140,LengthSlider:OnValueChanged,global,review-required,canonical helper candidate,function,client-or-shared,review-required
lua/ace/client/cl_acemenu_gui.lua,1154,WidthSlider:OnValueChanged,global,review-required,canonical helper candidate,function,client-or-shared,review-required
lua/ace/client/cl_acemenu_gui.lua,1168,HeightSlider:OnValueChanged,global,review-required,canonical helper candidate,function,client-or-shared,review-required
lua/ace/client/cl_acemenu_gui.lua,1189,LegacyCheck:OnChange,global,review-required,canonical helper candidate,function,client-or-shared,review-required
lua/ace/client/cl_acemenu_gui.lua,1213,AmmoComboBox.OnSelect,global,review-required,canonical helper candidate,function-assignment,client-or-shared,review-required
lua/ace/client/cl_acemenu_gui.lua,1254,acemenupanel.CData.CrateDisplay.LayoutEntity,global,review-required,canonical helper candidate,function-assignment,client-or-shared,review-required
lua/ace/client/cl_acemenu_gui.lua,1282,acemenupanel.CData.ClassSelect.OnSelect,global,review-required,canonical helper candidate,function-assignment,client-or-shared,review-required
lua/ace/client/cl_acemenu_gui.lua,1324,acemenupanel.CData.CaliberSelect.OnSelect,global,review-required,canonical helper candidate,function-assignment,client-or-shared,review-required
lua/ace/client/cl_acemenu_gui.lua,1337,PANEL:AmmoSlider,global,review-required,canonical helper candidate,function,client-or-shared,review-required
lua/ace/client/cl_acemenu_gui.lua,1360,,anonymous,review-required,canonical helper candidate,anonymous-function,client-or-shared,review-required
lua/ace/client/cl_acemenu_gui.lua,1406,PANEL:AmmoCheckbox,global,review-required,canonical helper candidate,function,client-or-shared,review-required
lua/ace/client/cl_acemenu_gui.lua,1418,,anonymous,review-required,canonical helper candidate,anonymous-function,client-or-shared,review-required
lua/ace/client/cl_acemenu_gui.lua,1453,PANEL:CPanelText,global,review-required,canonical helper candidate,function,client-or-shared,review-required
lua/ace/client/cl_acemenu_gui.lua,1490,ACE.CrewMenuGUICreate,global,ACE.table,ACE.table,function,client-or-shared,inventory-confirmed
lua/ace/client/cl_acemenu_gui.lua,1516,GetRoleFromId,local,review-required,canonical helper candidate,function,client-or-shared,review-required
lua/ace/client/cl_acemenu_gui.lua,1522,GetDefaultPoseForId,local,review-required,canonical helper candidate,function,client-or-shared,review-required
lua/ace/client/cl_acemenu_gui.lua,1527,GetModelFor,local,review-required,canonical helper candidate,function,client-or-shared,review-required
lua/ace/client/cl_acemenu_gui.lua,1557,GetCameraForPose,local,review-required,canonical helper candidate,function,client-or-shared,review-required
lua/ace/client/cl_acemenu_gui.lua,1614,DisplayModel.LayoutEntity,global,review-required,canonical helper candidate,function-assignment,client-or-shared,review-required
lua/ace/client/cl_acemenu_gui.lua,1639,Refresh,local,review-required,canonical helper candidate,function,client-or-shared,review-required
lua/ace/client/cl_acemenu_gui.lua,1667,RoleSelect.OnSelect,global,review-required,canonical helper candidate,function-assignment,client-or-shared,review-required
lua/ace/client/cl_acemenu_gui.lua,1680,PoseSelect.OnSelect,global,review-required,canonical helper candidate,function-assignment,client-or-shared,review-required
lua/ace/client/cl_acemenu_gui.lua,1689,ACE.ExtrasGUICreate,global,ACE.table,ACE.table,function,client-or-shared,inventory-confirmed
lua/ace/client/cl_acemenu_gui.lua,1716,acemenupanel.CData.DisplayModel.LayoutEntity,global,review-required,canonical helper candidate,function-assignment,client-or-shared,review-required
lua/ace/client/cl_acemenu_gui.lua,1743,getCfg,local,review-required,canonical helper candidate,function,client-or-shared,review-required
lua/ace/client/cl_acemenu_gui.lua,1757,allowedShapes,local,review-required,canonical helper candidate,function,client-or-shared,review-required
lua/ace/client/cl_acemenu_gui.lua,1771,ACE.BuildScalableConfig,global,ACE.table,ACE.table,function,client-or-shared,inventory-confirmed
lua/ace/client/cl_acemenu_gui.lua,1781,refresh,local,review-required,canonical helper candidate,function,client-or-shared,review-required
lua/ace/client/cl_acemenu_gui.lua,1788,pushId,local,review-required,canonical helper candidate,function,client-or-shared,review-required
lua/ace/client/cl_acemenu_gui.lua,1800,Cat:OnToggle,global,review-required,canonical helper candidate,function,client-or-shared,review-required
lua/ace/client/cl_acemenu_gui.lua,1820,Combo.OnSelect,global,review-required,canonical helper candidate,function-assignment,client-or-shared,review-required
lua/ace/client/cl_acemenu_gui.lua,1828,slider,local,review-required,canonical helper candidate,function,client-or-shared,review-required
lua/ace/client/cl_acemenu_gui.lua,1837,S:OnValueChanged,global,review-required,canonical helper candidate,function,client-or-shared,review-required
lua/ace/client/cl_acemenu_gui.lua,1856,ACE.ExplosiveGUICreate,global,ACE.table,ACE.table,function,client-or-shared,inventory-confirmed
lua/ace/client/cl_acemenu_gui.lua,1862,,anonymous,review-required,canonical helper candidate,anonymous-function,client-or-shared,review-required
lua/ace/client/cl_acemenu_gui.lua,1877,ACE.ExplosiveGUIUpdate,global,ACE.table,ACE.table,function,client-or-shared,inventory-confirmed
lua/ace/client/cl_acemenu_gui.lua,1882,,anonymous,review-required,canonical helper candidate,anonymous-function,client-or-shared,review-required
lua/ace/client/cl_acemenu_missileui.lua,1,ACE.Missiles_MenuSlider,global,ACE.table,ACE.table,function,client-or-shared,inventory-confirmed
lua/ace/client/cl_acemenu_missileui.lua,14,slider.GetConfigValue,global,review-required,canonical helper candidate,function-assignment,client-or-shared,review-required
lua/ace/client/cl_acemenu_missileui.lua,19,slider.OnValueChanged,global,review-required,canonical helper candidate,function-assignment,client-or-shared,review-required
lua/ace/client/cl_acemenu_missileui.lua,29,ACE.Missiles_SetCommand,global,ACE.table,ACE.table,function,client-or-shared,inventory-confirmed
lua/ace/client/cl_acemenu_missileui.lua,60,number,global,review-required,canonical helper candidate,function-assignment,client-or-shared,review-required
lua/ace/client/cl_acemenu_missileui.lua,66,ACE.Missiles_CreateMenuConfiguration,global,ACE.table,ACE.table,function,client-or-shared,inventory-confirmed
lua/ace/client/cl_acemenu_missileui.lua,103,ACE.Missiles_RemoveMenuConfiguration,global,ACE.table,ACE.table,function,client-or-shared,inventory-confirmed
lua/ace/client/cl_acfballistics.lua,3,ACE.ManageBulletEffects,global,ACE.table,ACE.table,function,client-or-shared,inventory-confirmed
lua/ace/client/cl_acfballistics.lua,15,ACE.SimBulletFlight,global,ACE.table,ACE.table,function,client-or-shared,inventory-confirmed
lua/ace/client/cl_acfpermission.lua,7,getPanelChecks,local,review-required,canonical helper candidate,function-assignment,client-or-shared,review-required
lua/ace/client/cl_acfpermission.lua,12,,anonymous,review-required,canonical helper candidate,anonymous-function,client-or-shared,review-required
lua/ace/client/cl_acfpermission.lua,31,,anonymous,review-required,canonical helper candidate,anonymous-function,client-or-shared,review-required
lua/ace/client/cl_acfpermission.lua,45,this.ApplyPermissions,global,review-required,canonical helper candidate,function,client-or-shared,review-required
lua/ace/client/cl_acfpermission.lua,60,this.ClientPanel,global,review-required,canonical helper candidate,function,client-or-shared,review-required
lua/ace/client/cl_acfpermission.lua,82,getPanelChecks,global,review-required,canonical helper candidate,function-assignment,client-or-shared,review-required
lua/ace/client/cl_acfpermission.lua,95,button.DoClick,global,review-required,canonical helper candidate,function-assignment,client-or-shared,review-required
lua/ace/client/cl_acfpermission.lua,101,this.SpawnMenuOpen,global,review-required,canonical helper candidate,function,client-or-shared,review-required
lua/ace/client/cl_acfpermission.lua,110,this.PopulateToolMenu,global,review-required,canonical helper candidate,function,client-or-shared,review-required
lua/ace/client/cl_acfrender.lua,12,,anonymous,review-required,canonical helper candidate,anonymous-function,client-or-shared,review-required
lua/ace/client/cl_acfrender.lua,33,,anonymous,review-required,canonical helper candidate,anonymous-function,client-or-shared,review-required
lua/ace/client/cl_acfrender.lua,67,CanEmitLight,local,review-required,canonical helper candidate,function,client-or-shared,review-required
lua/ace/client/cl_acfrender.lua,76,ACE.RenderLight,global,ACE.table,ACE.table,function,client-or-shared,inventory-confirmed
lua/ace/client/cl_soundbase.lua,54,ACE.IsValidSound,global,ACE.table,ACE.table,function,client-or-shared,inventory-confirmed
lua/ace/client/cl_soundbase.lua,62,ACE.EmitSound,global,ACE.table,ACE.table,function,client-or-shared,inventory-confirmed
lua/ace/client/cl_soundbase.lua,77,ACE.SGetHearingEntity,global,ACE.table,ACE.table,function,client-or-shared,inventory-confirmed
lua/ace/client/cl_soundbase.lua,104,ACE.GetDistanceTime,global,ACE.table,ACE.table,function,client-or-shared,inventory-confirmed
lua/ace/client/cl_soundbase.lua,110,ACE.GetHeadPos,global,ACE.table,ACE.table,function,client-or-shared,inventory-confirmed
lua/ace/client/cl_soundbase.lua,116,ACE.SInDistance,global,ACE.table,ACE.table,function,client-or-shared,inventory-confirmed
lua/ace/client/cl_soundbase.lua,130,ACE.Approaching,global,ACE.table,ACE.table,function,client-or-shared,inventory-confirmed
lua/ace/client/cl_soundbase.lua,144,ACE.SHasLOS,global,ACE.table,ACE.table,function,client-or-shared,inventory-confirmed
lua/ace/client/cl_soundbase.lua,154,LOSTr.filter,global,review-required,canonical helper candidate,function-assignment,client-or-shared,review-required
lua/ace/client/cl_soundbase.lua,160,ACE.SIsInDoor,global,ACE.table,ACE.table,function,client-or-shared,inventory-confirmed
lua/ace/client/cl_soundbase.lua,190,eventBase:OnArrived,global,review-required,canonical helper candidate,function,client-or-shared,review-required
lua/ace/client/cl_soundbase.lua,194,eventBase:Play,global,review-required,canonical helper candidate,function,client-or-shared,review-required
lua/ace/client/cl_soundbase.lua,198,newSoundEvent,local,review-required,canonical helper candidate,function,client-or-shared,review-required
lua/ace/client/cl_soundbase.lua,207,getHearingPos,local,review-required,canonical helper candidate,function,client-or-shared,review-required
lua/ace/client/cl_soundbase.lua,211,getBlastScale,local,review-required,canonical helper candidate,function,client-or-shared,review-required
lua/ace/client/cl_soundbase.lua,243,getBlastSoundAboveWater,local,review-required,canonical helper candidate,function,client-or-shared,review-required
lua/ace/client/cl_soundbase.lua,276,ACE.SBlast,global,ACE.table,ACE.table,function,client-or-shared,inventory-confirmed
lua/ace/client/cl_soundbase.lua,282,event:OnArrived,global,review-required,canonical helper candidate,function,client-or-shared,review-required
lua/ace/client/cl_soundbase.lua,338,event:Play,global,review-required,canonical helper candidate,function,client-or-shared,review-required
lua/ace/client/cl_soundbase.lua,359,getImpactSound,local,review-required,canonical helper candidate,function,client-or-shared,review-required
lua/ace/client/cl_soundbase.lua,363,bulletImpactCaliberFix,local,review-required,canonical helper candidate,function,client-or-shared,review-required
lua/ace/client/cl_soundbase.lua,371,ACE.SBulletImpact,global,ACE.table,ACE.table,function,client-or-shared,inventory-confirmed
lua/ace/client/cl_soundbase.lua,379,event:OnArrived,global,review-required,canonical helper candidate,function,client-or-shared,review-required
lua/ace/client/cl_soundbase.lua,402,bulletRicochetWorldSoundData,local,review-required,canonical helper candidate,function,client-or-shared,review-required
lua/ace/client/cl_soundbase.lua,411,bulletRicochetEntitySoundData,local,review-required,canonical helper candidate,function,client-or-shared,review-required
lua/ace/client/cl_soundbase.lua,427,ACE.SRicochet,global,ACE.table,ACE.table,function,client-or-shared,inventory-confirmed
lua/ace/client/cl_soundbase.lua,436,event:OnArrived,global,review-required,canonical helper candidate,function,client-or-shared,review-required
lua/ace/client/cl_soundbase.lua,465,bulletPenetrateWorldSoundData,local,review-required,canonical helper candidate,function,client-or-shared,review-required
lua/ace/client/cl_soundbase.lua,474,bulletPenetrateEntitySoundData,local,review-required,canonical helper candidate,function,client-or-shared,review-required
lua/ace/client/cl_soundbase.lua,482,ACE.SPenetration,global,ACE.table,ACE.table,function,client-or-shared,inventory-confirmed
lua/ace/client/cl_soundbase.lua,492,event:OnArrived,global,review-required,canonical helper candidate,function,client-or-shared,review-required
lua/ace/client/cl_soundbase.lua,516,getFireSoundDistance,local,review-required,canonical helper candidate,function,client-or-shared,review-required
lua/ace/client/cl_soundbase.lua,528,ACE.SGunFire,global,ACE.table,ACE.table,function,client-or-shared,inventory-confirmed
lua/ace/client/cl_soundbase.lua,547,event:OnArrived,global,review-required,canonical helper candidate,function,client-or-shared,review-required
lua/ace/client/cl_soundbase.lua,586,getBulletCrackSound,local,review-required,canonical helper candidate,function,client-or-shared,review-required
lua/ace/client/cl_soundbase.lua,608,ACE.SBulletCrack,global,ACE.table,ACE.table,function,client-or-shared,inventory-confirmed
lua/ace/client/cl_soundbase.lua,623,event:OnArrived,global,review-required,canonical helper candidate,function,client-or-shared,review-required
lua/ace/client/cl_soundbase.lua,638,ACE.SBulletWhistle,global,ACE.table,ACE.table,function,client-or-shared,inventory-confirmed
lua/ace/client/cl_soundbase.lua,650,event:OnArrived,global,review-required,canonical helper candidate,function,client-or-shared,review-required
lua/ace/client/cl_soundbase.lua,668,ACE.SimpleSound,global,ACE.table,ACE.table,function,client-or-shared,inventory-confirmed
lua/ace/client/cl_soundbase.lua,680,event:OnArrived,global,review-required,canonical helper candidate,function,client-or-shared,review-required
lua/ace/client/cl_soundbase.lua,698,,anonymous,review-required,canonical helper candidate,anonymous-function,client-or-shared,review-required
lua/ace/client/gui/cl_acfsetpermission.lua,40,ACE.ReceiveDPStatus,global,ACE.table,ACE.table,function,client-or-shared,inventory-confirmed
lua/ace/client/gui/cl_acfsetpermission.lua,49,,anonymous,review-required,canonical helper candidate,anonymous-function,client-or-shared,review-required
lua/ace/client/gui/cl_acfsetpermission.lua,58,Menu.MakePanel,global,review-required,canonical helper candidate,function,client-or-shared,review-required
lua/ace/client/gui/cl_acfsetpermission.lua,114,list.OnRowSelected,global,review-required,canonical helper candidate,function-assignment,client-or-shared,review-required
lua/ace/client/gui/cl_acfsetpermission.lua,136,button.DoClick,global,review-required,canonical helper candidate,function-assignment,client-or-shared,review-required
lua/ace/client/gui/cl_acfsetpermission.lua,150,button2.DoClick,global,review-required,canonical helper candidate,function-assignment,client-or-shared,review-required
lua/ace/client/gui/cl_acfsetpermission.lua,171,button3.DoClick,global,review-required,canonical helper candidate,function-assignment,client-or-shared,review-required
lua/ace/client/gui/cl_acfsetpermission.lua,179,Permissions:Update,global,review-required,canonical helper candidate,function,client-or-shared,review-required
lua/ace/client/gui/cl_acfsetpermission.lua,240,Permissions:RequestUpdate,global,review-required,canonical helper candidate,function,client-or-shared,review-required
lua/ace/client/gui/cl_acfsetpermission.lua,247,Menu.OnSpawnmenuOpen,global,review-required,canonical helper candidate,function,client-or-shared,review-required
lua/ace/client/gui/cl_acfsetpermission.lua,266,,anonymous,review-required,canonical helper candidate,anonymous-function,client-or-shared,review-required
lua/ace/server/permissionmodes/acf_pmode_battle.lua,22,modepermission,local,review-required,canonical helper candidate,function,server-or-shared,review-required
lua/ace/server/permissionmodes/acf_pmode_battle.lua,53,DisableNoclipPressInBattle,local,review-required,canonical helper candidate,function,server-or-shared,review-required
lua/ace/server/permissionmodes/acf_pmode_battle.lua,61,modethink,local,review-required,canonical helper candidate,function,server-or-shared,review-required
lua/ace/server/permissionmodes/acf_pmode_build.lua,21,modepermission,local,review-required,canonical helper candidate,function,server-or-shared,review-required
lua/ace/server/permissionmodes/acf_pmode_godbased.lua,12,modepermission,local,review-required,canonical helper candidate,function,server-or-shared,review-required
lua/ace/server/permissionmodes/acf_pmode_none.lua,14,modepermission,local,review-required,canonical helper candidate,function,server-or-shared,review-required
lua/ace/server/permissionmodes/acf_pmode_safe.lua,15,modepermission,local,review-required,canonical helper candidate,function,server-or-shared,review-required
lua/ace/server/permissionmodes/acf_pmode_strictbuild.lua,21,modepermission,local,review-required,canonical helper candidate,function,server-or-shared,review-required
lua/ace/server/sv_acfballistics.lua,12,,anonymous,review-required,canonical helper candidate,anonymous-function,server-or-shared,review-required
lua/ace/server/sv_acfballistics.lua,37,ACE.GetBallisticsStats,global,ACE.table,ACE.table,function,server-or-shared,inventory-confirmed
lua/ace/server/sv_acfballistics.lua,41,ACE.ResetBallisticsStats,global,ACE.table,ACE.table,function,server-or-shared,inventory-confirmed
lua/ace/server/sv_acfballistics.lua,51,BallisticsDebug,local,review-required,canonical helper candidate,function,server-or-shared,review-required
lua/ace/server/sv_acfballistics.lua,57,BuildLaunchFilter,local,review-required,canonical helper candidate,function,server-or-shared,review-required
lua/ace/server/sv_acfballistics.lua,75,BulletFilterEntity,local,review-required,canonical helper candidate,function,server-or-shared,review-required
lua/ace/server/sv_acfballistics.lua,104,DeactivateBulletFilter,local,review-required,canonical helper candidate,function,server-or-shared,review-required
lua/ace/server/sv_acfballistics.lua,131,InitializeBulletFilter,local,review-required,canonical helper candidate,function,server-or-shared,review-required
lua/ace/server/sv_acfballistics.lua,134,Bullet.TraceFilter,global,review-required,canonical helper candidate,function-assignment,server-or-shared,review-required
lua/ace/server/sv_acfballistics.lua,152,UpdateBulletFilter,local,review-required,canonical helper candidate,function,server-or-shared,review-required
lua/ace/server/sv_acfballistics.lua,167,ACE.AcquireBullet,global,ACE.table,ACE.table,function,server-or-shared,inventory-confirmed
lua/ace/server/sv_acfballistics.lua,183,ACE.RegisterBullet,global,ACE.table,ACE.table,function,server-or-shared,inventory-confirmed
lua/ace/server/sv_acfballistics.lua,195,RebuildActiveBulletRegistry,local,review-required,canonical helper candidate,function,server-or-shared,review-required
lua/ace/server/sv_acfballistics.lua,211,UnregisterBullet,local,review-required,canonical helper candidate,function,server-or-shared,review-required
lua/ace/server/sv_acfballistics.lua,233,ACE.CreateBullet,global,ACE.table,ACE.table,function,server-or-shared,inventory-confirmed
lua/ace/server/sv_acfballistics.lua,295,ACE.ManageBullets,global,ACE.table,ACE.table,function,server-or-shared,inventory-confirmed
lua/ace/server/sv_acfballistics.lua,335,ACE.RemoveBullet,global,ACE.table,ACE.table,function,server-or-shared,inventory-confirmed
lua/ace/server/sv_acfballistics.lua,367,ACE.CheckClips,global,ACE.table,ACE.table,function,server-or-shared,inventory-confirmed
lua/ace/server/sv_acfballistics.lua,394,ACE.CalcBulletFlight,global,ACE.table,ACE.table,function,server-or-shared,inventory-confirmed
lua/ace/server/sv_acfballistics.lua,465,PerformTrace,local,review-required,canonical helper candidate,function,server-or-shared,review-required
lua/ace/server/sv_acfballistics.lua,576,Penetrated,global,review-required,canonical helper candidate,function-assignment,server-or-shared,review-required
lua/ace/server/sv_acfballistics.lua,613,Ricochet,global,review-required,canonical helper candidate,function-assignment,server-or-shared,review-required
lua/ace/server/sv_acfballistics.lua,644,Hit,global,review-required,canonical helper candidate,function-assignment,server-or-shared,review-required
lua/ace/server/sv_acfballistics.lua,662,ACE.PerformHitResolution,global,ACE.table,ACE.table,function,server-or-shared,inventory-confirmed
lua/ace/server/sv_acfballistics.lua,667,ACE.DoBulletsFlight,global,ACE.table,ACE.table,function,server-or-shared,inventory-confirmed
lua/ace/server/sv_acfballistics.lua,893,ACE.BulletClient,global,ACE.table,ACE.table,function,server-or-shared,inventory-confirmed
lua/ace/server/sv_acfballistics.lua,935,ACE.GenerateMissile,global,ACE.table,ACE.table,function,server-or-shared,inventory-confirmed
lua/ace/server/sv_acfbase.lua,9,ACE.UpdateVisualHealth,global,ACE.table,ACE.table,function,server-or-shared,inventory-confirmed
lua/ace/server/sv_acfbase.lua,15,ACE.SendVisualDamage,global,ACE.table,ACE.table,function,server-or-shared,inventory-confirmed
lua/ace/server/sv_acfbase.lua,44,ACE.Activate,global,ACE.table,ACE.table,function,server-or-shared,inventory-confirmed
lua/ace/server/sv_acfbase.lua,120,ACE.Check,global,ACE.table,ACE.table,function,server-or-shared,inventory-confirmed
lua/ace/server/sv_acfbase.lua,140,ACE.Damage,global,ACE.table,ACE.table,function,server-or-shared,inventory-confirmed
lua/ace/server/sv_acfbase.lua,176,canDamagePlayer,local,review-required,canonical helper candidate,function,server-or-shared,review-required
lua/ace/server/sv_acfbase.lua,186,ACE.CalcDamage,global,ACE.table,ACE.table,function,server-or-shared,inventory-confirmed
lua/ace/server/sv_acfbase.lua,242,ACE.PropDamage,global,ACE.table,ACE.table,function,server-or-shared,inventory-confirmed
lua/ace/server/sv_acfbase.lua,273,ACE.VehicleDamage,global,ACE.table,ACE.table,function,server-or-shared,inventory-confirmed
lua/ace/server/sv_acfbase.lua,310,ACE.SquishyDamage,global,ACE.table,ACE.table,function,server-or-shared,inventory-confirmed
lua/ace/server/sv_acfbase.lua,500,ACE.GetAllPhysicalConstraints,global,ACE.table,ACE.table,function,server-or-shared,inventory-confirmed
lua/ace/server/sv_acfbase.lua,530,ACE.GetAllChildren,global,ACE.table,ACE.table,function,server-or-shared,inventory-confirmed
lua/ace/server/sv_acfbase.lua,554,ACE.GetLinkedWheels,global,ACE.table,ACE.table,function,server-or-shared,inventory-confirmed
lua/ace/server/sv_acfbase.lua,608,ACE.CreateLinkRope,global,ACE.table,ACE.table,function,server-or-shared,inventory-confirmed
lua/ace/server/sv_acfbase.lua,643,ACE.CreateSZRope,global,ACE.table,ACE.table,function,server-or-shared,inventory-confirmed
lua/ace/server/sv_acfbase.lua,677,ACE.VisualizeSZ,global,ACE.table,ACE.table,function,server-or-shared,inventory-confirmed
lua/ace/server/sv_acfbase.lua,790,ACE.GetWeaponUser,global,ACE.table,ACE.table,function,server-or-shared,inventory-confirmed
lua/ace/server/sv_acfbase.lua,832,ACE.ChatMessagePly,global,ACE.table,ACE.table,function,server-or-shared,inventory-confirmed
lua/ace/server/sv_acfbase.lua,842,ACE.ChatMessageGlobal,global,ACE.table,ACE.table,function,server-or-shared,inventory-confirmed
lua/ace/server/sv_acfdamage.lua,12,DebugExplosion,local,review-required,canonical helper candidate,function,server-or-shared,review-required
lua/ace/server/sv_acfdamage.lua,42,ACE.HEFind,global,ACE.table,ACE.table,function,server-or-shared,inventory-confirmed
lua/ace/server/sv_acfdamage.lua,75,ACE.HE,global,ACE.table,ACE.table,function,server-or-shared,inventory-confirmed
lua/ace/server/sv_acfdamage.lua,319,,anonymous,review-required,canonical helper candidate,anonymous-function,server-or-shared,review-required
lua/ace/server/sv_acfdamage.lua,406,ACE.GetPostPenetration,global,ACE.table,ACE.table,function,server-or-shared,inventory-confirmed
lua/ace/server/sv_acfdamage.lua,426,ACE.Spall,global,ACE.table,ACE.table,function,server-or-shared,inventory-confirmed
lua/ace/server/sv_acfdamage.lua,509,ACE.PropShockwave,global,ACE.table,ACE.table,function,server-or-shared,inventory-confirmed
lua/ace/server/sv_acfdamage.lua,540,TrBack.filter,global,review-required,canonical helper candidate,function-assignment,server-or-shared,review-required
lua/ace/server/sv_acfdamage.lua,627,ACE.Spall_HESH,global,ACE.table,ACE.table,function,server-or-shared,inventory-confirmed
lua/ace/server/sv_acfdamage.lua,714,SetSpallTermination,local,review-required,canonical helper candidate,function,server-or-shared,review-required
lua/ace/server/sv_acfdamage.lua,722,GetSpallVisitKey,local,review-required,canonical helper candidate,function,server-or-shared,review-required
lua/ace/server/sv_acfdamage.lua,734,CanContinueSpallTrace,local,review-required,canonical helper candidate,function,server-or-shared,review-required
lua/ace/server/sv_acfdamage.lua,755,ACE.SpallTrace,global,ACE.table,ACE.table,function,server-or-shared,inventory-confirmed
lua/ace/server/sv_acfdamage.lua,889,ACE.RicochetVector,global,ACE.table,ACE.table,function,server-or-shared,inventory-confirmed
lua/ace/server/sv_acfdamage.lua,896,ACE.RoundImpact,global,ACE.table,ACE.table,function,server-or-shared,inventory-confirmed
lua/ace/server/sv_acfdamage.lua,982,ACE.PenetrateGround,global,ACE.table,ACE.table,function,server-or-shared,inventory-confirmed
lua/ace/server/sv_acfdamage.lua,1045,ApplyForceOffset,local,review-required,canonical helper candidate,function,server-or-shared,review-required
lua/ace/server/sv_acfdamage.lua,1053,ACE.KEShove,global,ACE.table,ACE.table,function,server-or-shared,inventory-confirmed
lua/ace/server/sv_acfdamage.lua,1093,KillChildProps,local,review-required,canonical helper candidate,function,server-or-shared,review-required
lua/ace/server/sv_acfdamage.lua,1173,RemoveEntity,local,review-required,canonical helper candidate,function,server-or-shared,review-required
lua/ace/server/sv_acfdamage.lua,1179,ACE.HEKill,global,ACE.table,ACE.table,function,server-or-shared,inventory-confirmed
lua/ace/server/sv_acfdamage.lua,1236,ACE.APKill,global,ACE.table,ACE.table,function,server-or-shared,inventory-confirmed
lua/ace/server/sv_acfdamage.lua,1303,IsMissileAmmoData,local,review-required,canonical helper candidate,function,server-or-shared,review-required
lua/ace/server/sv_acfdamage.lua,1312,ResolveCookoffRoundType,local,review-required,canonical helper candidate,function,server-or-shared,review-required
lua/ace/server/sv_acfdamage.lua,1316,GetCookoffBlastMass,local,review-required,canonical helper candidate,function,server-or-shared,review-required
lua/ace/server/sv_acfdamage.lua,1320,GetCookoffAmmoCount,local,review-required,canonical helper candidate,function,server-or-shared,review-required
lua/ace/server/sv_acfdamage.lua,1324,GetCookoffExplosionClass,local,review-required,canonical helper candidate,function,server-or-shared,review-required
lua/ace/server/sv_acfdamage.lua,1328,ACE.ScaledExplosion,global,ACE.table,ACE.table,function,server-or-shared,inventory-confirmed
lua/ace/server/sv_acfdamage.lua,1681,,anonymous,review-required,canonical helper candidate,anonymous-function,server-or-shared,review-required
lua/ace/server/sv_acfdamage.lua,1693,ACE.GetHitAngle,global,ACE.table,ACE.table,function,server-or-shared,inventory-confirmed
lua/ace/server/sv_acfdamage.lua,1707,ACE.CalculateHERadius,global,ACE.table,ACE.table,function,server-or-shared,inventory-confirmed
lua/ace/server/sv_acfdamage.lua,1712,ACE.LOSMultiTrace,global,ACE.table,ACE.table,function,server-or-shared,inventory-confirmed
lua/ace/server/sv_acfpermission.lua,23,msgtoconsole,local,review-required,canonical helper candidate,function,server-or-shared,review-required
lua/ace/server/sv_acfpermission.lua,29,resolveAABBs,local,review-required,canonical helper candidate,function,server-or-shared,review-required
lua/ace/server/sv_acfpermission.lua,66,validateSZs,local,review-required,canonical helper candidate,function,server-or-shared,review-required
lua/ace/server/sv_acfpermission.lua,90,getMapFilename,local,review-required,canonical helper candidate,function,server-or-shared,review-required
lua/ace/server/sv_acfpermission.lua,97,getMapSZs,local,review-required,canonical helper candidate,function,server-or-shared,review-required
lua/ace/server/sv_acfpermission.lua,111,,anonymous,review-required,canonical helper candidate,anonymous-function,server-or-shared,review-required
lua/ace/server/sv_acfpermission.lua,116,,anonymous,review-required,canonical helper candidate,anonymous-function,server-or-shared,review-required
lua/ace/server/sv_acfpermission.lua,120,SaveMapDPM,local,review-required,canonical helper candidate,function,server-or-shared,review-required
lua/ace/server/sv_acfpermission.lua,125,LoadMapDPM,local,review-required,canonical helper candidate,function,server-or-shared,review-required
lua/ace/server/sv_acfpermission.lua,130,this.visualizeSafeZones,global,review-required,canonical helper candidate,function,server-or-shared,review-required
lua/ace/server/sv_acfpermission.lua,146,,anonymous,review-required,canonical helper candidate,anonymous-function,server-or-shared,review-required
lua/ace/server/sv_acfpermission.lua,152,,anonymous,review-required,canonical helper candidate,anonymous-function,server-or-shared,review-required
lua/ace/server/sv_acfpermission.lua,159,,anonymous,review-required,canonical helper candidate,anonymous-function,server-or-shared,review-required
lua/ace/server/sv_acfpermission.lua,176,,anonymous,review-required,canonical helper candidate,anonymous-function,server-or-shared,review-required
lua/ace/server/sv_acfpermission.lua,178,,anonymous,review-required,canonical helper candidate,anonymous-function,server-or-shared,review-required
lua/ace/server/sv_acfpermission.lua,223,,anonymous,review-required,canonical helper candidate,anonymous-function,server-or-shared,review-required
lua/ace/server/sv_acfpermission.lua,225,,anonymous,review-required,canonical helper candidate,anonymous-function,server-or-shared,review-required
lua/ace/server/sv_acfpermission.lua,262,,anonymous,review-required,canonical helper candidate,anonymous-function,server-or-shared,review-required
lua/ace/server/sv_acfpermission.lua,264,,anonymous,review-required,canonical helper candidate,anonymous-function,server-or-shared,review-required
lua/ace/server/sv_acfpermission.lua,288,,anonymous,review-required,canonical helper candidate,anonymous-function,server-or-shared,review-required
lua/ace/server/sv_acfpermission.lua,290,,anonymous,review-required,canonical helper candidate,anonymous-function,server-or-shared,review-required
lua/ace/server/sv_acfpermission.lua,309,,anonymous,review-required,canonical helper candidate,anonymous-function,server-or-shared,review-required
lua/ace/server/sv_acfpermission.lua,311,,anonymous,review-required,canonical helper candidate,anonymous-function,server-or-shared,review-required
lua/ace/server/sv_acfpermission.lua,348,,anonymous,review-required,canonical helper candidate,anonymous-function,server-or-shared,review-required
lua/ace/server/sv_acfpermission.lua,351,,anonymous,review-required,canonical helper candidate,anonymous-function,server-or-shared,review-required
lua/ace/server/sv_acfpermission.lua,396,,anonymous,review-required,canonical helper candidate,anonymous-function,server-or-shared,review-required
lua/ace/server/sv_acfpermission.lua,398,,anonymous,review-required,canonical helper candidate,anonymous-function,server-or-shared,review-required
lua/ace/server/sv_acfpermission.lua,415,this.DamagePermission,global,review-required,canonical helper candidate,function-assignment,server-or-shared,review-required
lua/ace/server/sv_acfpermission.lua,424,tellPlysAboutDPMode,local,review-required,canonical helper candidate,function,server-or-shared,review-required
lua/ace/server/sv_acfpermission.lua,435,this.IsInSafezone,global,review-required,canonical helper candidate,function,server-or-shared,review-required
lua/ace/server/sv_acfpermission.lua,455,this.RegisterMode,global,review-required,canonical helper candidate,function,server-or-shared,review-required
lua/ace/server/sv_acfpermission.lua,460,,anonymous,review-required,canonical helper candidate,anonymous-function,server-or-shared,review-required
lua/ace/server/sv_acfpermission.lua,483,this.CanDamage,global,review-required,canonical helper candidate,function,server-or-shared,review-required
lua/ace/server/sv_acfpermission.lua,513,this.thinkWrapper,global,review-required,canonical helper candidate,function,server-or-shared,review-required
lua/ace/server/sv_acfpermission.lua,527,this.GetDamagePermissions,global,review-required,canonical helper candidate,function,server-or-shared,review-required
lua/ace/server/sv_acfpermission.lua,535,this.AddDamagePermission,global,review-required,canonical helper candidate,function,server-or-shared,review-required
lua/ace/server/sv_acfpermission.lua,544,this.RemoveDamagePermission,global,review-required,canonical helper candidate,function,server-or-shared,review-required
lua/ace/server/sv_acfpermission.lua,552,this.ClearDamagePermissions,global,review-required,canonical helper candidate,function,server-or-shared,review-required
lua/ace/server/sv_acfpermission.lua,559,this.PermissionsRaw,global,review-required,canonical helper candidate,function,server-or-shared,review-required
lua/ace/server/sv_acfpermission.lua,574,onDisconnect,local,review-required,canonical helper candidate,function,server-or-shared,review-required
lua/ace/server/sv_acfpermission.lua,585,plyBySID,local,review-required,canonical helper candidate,function,server-or-shared,review-required
lua/ace/server/sv_acfpermission.lua,605,,anonymous,review-required,canonical helper candidate,anonymous-function,server-or-shared,review-required
lua/ace/server/sv_acfpermission.lua,641,this.RefreshPlyDPFriends,global,review-required,canonical helper candidate,function,server-or-shared,review-required
lua/ace/server/sv_acfpermission.lua,656,,anonymous,review-required,canonical helper candidate,anonymous-function,server-or-shared,review-required
lua/ace/server/sv_acfpermission.lua,657,this.SendPermissionsState,global,review-required,canonical helper candidate,function,server-or-shared,review-required
lua/ace/server/sv_acfpermission.lua,673,,anonymous,review-required,canonical helper candidate,anonymous-function,server-or-shared,review-required
lua/ace/server/sv_acfpermission.lua,677,this.ResendPermissionsOnChanged,global,review-required,canonical helper candidate,function,server-or-shared,review-required
lua/ace/server/sv_acfpermission.lua,703,this.DamagePermission,global,review-required,canonical helper candidate,function-assignment,server-or-shared,review-required
lua/ace/server/sv_adminsettings.lua,1,,anonymous,review-required,canonical helper candidate,anonymous-function,server-or-shared,review-required
lua/ace/server/sv_contraption.lua,107,,anonymous,review-required,canonical helper candidate,anonymous-function,server-or-shared,review-required
lua/ace/server/sv_contraption.lua,108,,anonymous,review-required,canonical helper candidate,anonymous-function,server-or-shared,review-required
lua/ace/server/sv_contraption.lua,163,,anonymous,review-required,canonical helper candidate,anonymous-function,server-or-shared,review-required
lua/ace/server/sv_contraption.lua,286,ACE.refreshdata,global,ACE.table,ACE.table,function,server-or-shared,inventory-confirmed
lua/ace/server/sv_contraption.lua,326,,anonymous,review-required,canonical helper candidate,anonymous-function,server-or-shared,review-required
lua/ace/server/sv_contraptionlegality.lua,16,ACE_GetCFWEntityMass,ace-private-local,local ACE_*,local ACE_*,function-assignment,server-or-shared,inventory-confirmed
lua/ace/server/sv_contraptionlegality.lua,30,ACE_EnsureCFWMassTotal,ace-private-local,local ACE_*,local ACE_*,function-assignment,server-or-shared,inventory-confirmed
lua/ace/server/sv_contraptionlegality.lua,57,ACE_EnsureCFWMassState,ace-private-local,local ACE_*,local ACE_*,function-assignment,server-or-shared,inventory-confirmed
lua/ace/server/sv_contraptionlegality.lua,65,ACE.DoContraptionLegalCheck,global,ACE.table,ACE.table,function,server-or-shared,inventory-confirmed
lua/ace/server/sv_contraptionlegality.lua,76,,anonymous,review-required,canonical helper candidate,anonymous-function,server-or-shared,review-required
lua/ace/server/sv_contraptionlegality.lua,85,ACE.CheckLegalCont,global,ACE.table,ACE.table,function,server-or-shared,inventory-confirmed
lua/ace/server/sv_contraptionlegality.lua,133,ACE.EnsureCacheVersion,global,ACE.table,ACE.table,function,server-or-shared,inventory-confirmed
lua/ace/server/sv_contraptionlegality.lua,144,ACE_IsContraption,ace-private-local,local ACE_*,local ACE_*,function-assignment,server-or-shared,inventory-confirmed
lua/ace/server/sv_contraptionlegality.lua,148,ACE_IsLiveContraption,ace-private-local,local ACE_*,local ACE_*,function-assignment,server-or-shared,inventory-confirmed
lua/ace/server/sv_contraptionlegality.lua,152,ACE_AddAffectedContraption,ace-private-local,local ACE_*,local ACE_*,function-assignment,server-or-shared,inventory-confirmed
lua/ace/server/sv_contraptionlegality.lua,167,ACE_ClearContraptionTransition,ace-private-local,local ACE_*,local ACE_*,function-assignment,server-or-shared,inventory-confirmed
lua/ace/server/sv_contraptionlegality.lua,172,ACE_DeferContraptionTransition,ace-private-local,local ACE_*,local ACE_*,function-assignment,server-or-shared,inventory-confirmed
lua/ace/server/sv_contraptionlegality.lua,181,ACE_MarkContraptionRemovalNotified,ace-private-local,local ACE_*,local ACE_*,function-assignment,server-or-shared,inventory-confirmed
lua/ace/server/sv_contraptionlegality.lua,188,ACE_GetPointContraption,ace-private-local,local ACE_*,local ACE_*,function-assignment,server-or-shared,inventory-confirmed
lua/ace/server/sv_contraptionlegality.lua,208,ACE_NormalizePointCategories,ace-private-local,local ACE_*,local ACE_*,function-assignment,server-or-shared,inventory-confirmed
lua/ace/server/sv_contraptionlegality.lua,229,ACE_ApplyPointInvalidation,ace-private-local,local ACE_*,local ACE_*,function-assignment,server-or-shared,inventory-confirmed
lua/ace/server/sv_contraptionlegality.lua,272,ACE.NotifyPointsInvalidated,global,ACE.table,ACE.table,function,server-or-shared,inventory-confirmed
lua/ace/server/sv_contraptionlegality.lua,356,ACE.EnsurePointsState,global,ACE.table,ACE.table,function,server-or-shared,inventory-confirmed
lua/ace/server/sv_contraptionlegality.lua,402,ACE_WrapCFWDefuse,ace-private-local,local ACE_*,local ACE_*,function-assignment,server-or-shared,inventory-confirmed
lua/ace/server/sv_contraptionlegality.lua,409,class.Defuse,global,review-required,canonical helper candidate,function-assignment,server-or-shared,review-required
lua/ace/server/sv_contraptionlegality.lua,433,ACE_InitPts,ace-private-local,local ACE_*,local ACE_*,function-assignment,server-or-shared,inventory-confirmed
lua/ace/server/sv_contraptionlegality.lua,448,ACE.MarkContraptionPointsDirty,global,ACE.table,ACE.table,function,server-or-shared,inventory-confirmed
lua/ace/server/sv_contraptionlegality.lua,464,ACE.PointsInputChanged,global,ACE.table,ACE.table,function,server-or-shared,inventory-confirmed
lua/ace/server/sv_contraptionlegality.lua,528,,anonymous,review-required,canonical helper candidate,anonymous-function,server-or-shared,review-required
lua/ace/server/sv_contraptionlegality.lua,531,,anonymous,review-required,canonical helper candidate,anonymous-function,server-or-shared,review-required
lua/ace/server/sv_contraptionlegality.lua,534,,anonymous,review-required,canonical helper candidate,anonymous-function,server-or-shared,review-required
lua/ace/server/sv_contraptionlegality.lua,537,ACE_InheritPointWarning,ace-private-local,local ACE_*,local ACE_*,function-assignment,server-or-shared,inventory-confirmed
lua/ace/server/sv_contraptionlegality.lua,548,,anonymous,review-required,canonical helper candidate,anonymous-function,server-or-shared,review-required
lua/ace/server/sv_contraptionlegality.lua,564,,anonymous,review-required,canonical helper candidate,anonymous-function,server-or-shared,review-required
lua/ace/server/sv_contraptionlegality.lua,577,,anonymous,review-required,canonical helper candidate,anonymous-function,server-or-shared,review-required
lua/ace/server/sv_contraptionlegality.lua,613,ACE.NotifyCrateWeapons,global,ACE.table,ACE.table,function,server-or-shared,inventory-confirmed
lua/ace/server/sv_contraptionlegality.lua,626,ACE.AddPts,global,ACE.table,ACE.table,function,server-or-shared,inventory-confirmed
lua/ace/server/sv_contraptionlegality.lua,669,ACE.RemPts,global,ACE.table,ACE.table,function,server-or-shared,inventory-confirmed
lua/ace/server/sv_contraptionlegality.lua,749,PHYS:SetMass,global,review-required,canonical helper candidate,function,server-or-shared,review-required
lua/ace/server/sv_contraptionlegality.lua,788,ACE_ClearAllCaches,ace-private-local,local ACE_*,local ACE_*,function-assignment,server-or-shared,inventory-confirmed
lua/ace/server/sv_contraptionlegality.lua,818,,anonymous,review-required,canonical helper candidate,anonymous-function,server-or-shared,review-required
lua/ace/server/sv_contraptionlegality.lua,821,ACE.MarkArmorDirty,global,ACE.table,ACE.table,function,server-or-shared,inventory-confirmed
lua/ace/server/sv_contraptionlegality.lua,838,ACE_ProperClippingPhysicsChanged,ace-private-local,local ACE_*,local ACE_*,function-assignment,server-or-shared,inventory-confirmed
lua/ace/server/sv_contraptionlegality.lua,849,ACE_NotifyPhysicsTransition,ace-private-local,local ACE_*,local ACE_*,function-assignment,server-or-shared,inventory-confirmed
lua/ace/server/sv_contraptionlegality.lua,873,,anonymous,review-required,canonical helper candidate,anonymous-function,server-or-shared,review-required
lua/ace/server/sv_contraptionlegality.lua,877,,anonymous,review-required,canonical helper candidate,anonymous-function,server-or-shared,review-required
lua/ace/server/sv_contraptionlegality.lua,881,,anonymous,review-required,canonical helper candidate,anonymous-function,server-or-shared,review-required
lua/ace/server/sv_crewseat_base.lua,10,ACE.CrewseatResolveModelType,global,ACE.table,ACE.table,function,server-or-shared,inventory-confirmed
lua/ace/server/sv_crewseat_base.lua,35,ACE.CrewseatDebugEnabled,global,ACE.table,ACE.table,function,server-or-shared,inventory-confirmed
lua/ace/server/sv_crewseat_base.lua,40,ACE.CrewseatDebugLog,global,ACE.table,ACE.table,function,server-or-shared,inventory-confirmed
lua/ace/server/sv_crewseat_base.lua,61,ACE.CrewseatApplyDupeModel,global,ACE.table,ACE.table,function,server-or-shared,inventory-confirmed
lua/ace/server/sv_crewseat_base.lua,102,ACE.CrewseatDeferredModelSync,global,ACE.table,ACE.table,function,server-or-shared,inventory-confirmed
lua/ace/server/sv_crewseat_base.lua,105,,anonymous,review-required,canonical helper candidate,anonymous-function,server-or-shared,review-required
lua/ace/server/sv_crewseat_base.lua,123,,anonymous,review-required,canonical helper candidate,anonymous-function,server-or-shared,review-required
lua/ace/server/sv_crewseat_base.lua,125,dumpSeat,local,review-required,canonical helper candidate,function,server-or-shared,review-required
lua/ace/server/sv_crewseat_base.lua,182,ACE.GenerateCrewName,global,ACE.table,ACE.table,function,server-or-shared,inventory-confirmed
lua/ace/server/sv_crewseat_base.lua,201,EnsureGForceState,local,review-required,canonical helper candidate,function,server-or-shared,review-required
lua/ace/server/sv_crewseat_base.lua,222,ACE.CalcEntityGForce,global,ACE.table,ACE.table,function,server-or-shared,inventory-confirmed
lua/ace/server/sv_crewseat_base.lua,289,ACE.InitializeCrewseat,global,ACE.table,ACE.table,function,server-or-shared,inventory-confirmed
lua/ace/server/sv_crewseat_base.lua,356,ACE.UpdateCrewseatAnglePenalty,global,ACE.table,ACE.table,function,server-or-shared,inventory-confirmed
lua/ace/server/sv_crewseat_base.lua,365,ACE.UpdateGForcePenalty,global,ACE.table,ACE.table,function,server-or-shared,inventory-confirmed
lua/ace/server/sv_crewseat_base.lua,380,ACE.CrewseatLegalCheck,global,ACE.table,ACE.table,function,server-or-shared,inventory-confirmed
lua/ace/server/sv_crewseat_base.lua,401,ACE.CrewseatOnRemove,global,ACE.table,ACE.table,function,server-or-shared,inventory-confirmed
lua/ace/server/sv_crewseat_base.lua,410,ACE.CrewseatDamage,global,ACE.table,ACE.table,function,server-or-shared,inventory-confirmed
lua/ace/server/sv_crewseat_base.lua,417,ACE.CrewseatDeathSound,global,ACE.table,ACE.table,function,server-or-shared,inventory-confirmed
lua/ace/server/sv_crewseat_base.lua,422,ACE.FindReplacementLoader,global,ACE.table,ACE.table,function,server-or-shared,inventory-confirmed
lua/ace/server/sv_heat.lua,12,ACE.InfraredHeatFromProp,global,ACE.table,ACE.table,function,server-or-shared,inventory-confirmed
lua/ace/server/sv_heat.lua,40,filter,global,review-required,canonical helper candidate,function-assignment,server-or-shared,review-required
lua/ace/server/sv_heat.lua,54,ACE.HeatFromGun,global,ACE.table,ACE.table,function,server-or-shared,inventory-confirmed
lua/ace/server/sv_heat.lua,91,ACE.HeatFromEngine,global,ACE.table,ACE.table,function,server-or-shared,inventory-confirmed
lua/ace/server/sv_heat.lua,172,ACE.HeatFromRadar,global,ACE.table,ACE.table,function,server-or-shared,inventory-confirmed
lua/ace/server/sv_heat.lua,191,ACE.HeatFromGearbox,global,ACE.table,ACE.table,function,server-or-shared,inventory-confirmed
lua/ace/server/sv_legality.lua,25,ACE.LegalityCallBack,global,ACE.table,ACE.table,function,server-or-shared,inventory-confirmed
lua/ace/server/sv_legality.lua,57,ACE.Legal.NextCheck,global,ACE.table,ACE.table,function-assignment,server-or-shared,inventory-confirmed
lua/ace/server/sv_legality.lua,79,ACE.CheckLegal,global,ACE.table,ACE.table,function,server-or-shared,inventory-confirmed
lua/ace/server/sv_pointshandling.lua,12,CopyPointTotals,local,review-required,canonical helper candidate,function,server-or-shared,review-required
lua/ace/server/sv_pointshandling.lua,18,IsLiveContraption,local,review-required,canonical helper candidate,function,server-or-shared,review-required
lua/ace/server/sv_pointshandling.lua,22,GetPointContribution,local,review-required,canonical helper candidate,function,server-or-shared,review-required
lua/ace/server/sv_pointshandling.lua,43,ApplyPointDelta,local,review-required,canonical helper candidate,function,server-or-shared,review-required
lua/ace/server/sv_pointshandling.lua,60,MarkQueuedContraption,local,review-required,canonical helper candidate,function,server-or-shared,review-required
lua/ace/server/sv_pointshandling.lua,66,GetFlushState,local,review-required,canonical helper candidate,function,server-or-shared,review-required
lua/ace/server/sv_pointshandling.lua,83,ACE.QueuePointEntityChange,global,ACE.table,ACE.table,function,server-or-shared,inventory-confirmed
lua/ace/server/sv_pointshandling.lua,95,ACE.QueueContraptionPointRebuild,global,ACE.table,ACE.table,function,server-or-shared,inventory-confirmed
lua/ace/server/sv_pointshandling.lua,102,ACE.QueueContraptionPointWarning,global,ACE.table,ACE.table,function,server-or-shared,inventory-confirmed
lua/ace/server/sv_pointshandling.lua,106,ACE.HasQueuedPointChanges,global,ACE.table,ACE.table,function,server-or-shared,inventory-confirmed
lua/ace/server/sv_pointshandling.lua,110,ACE.ClearContraptionPointLedger,global,ACE.table,ACE.table,function,server-or-shared,inventory-confirmed
lua/ace/server/sv_pointshandling.lua,120,ACE.RebuildContraptionPointLedger,global,ACE.table,ACE.table,function,server-or-shared,inventory-confirmed
lua/ace/server/sv_pointshandling.lua,136,ACE.DropContraptionPointLedger,global,ACE.table,ACE.table,function,server-or-shared,inventory-confirmed
lua/ace/server/sv_pointshandling.lua,154,NotifyPointFlush,local,review-required,canonical helper candidate,function,server-or-shared,review-required
lua/ace/server/sv_pointshandling.lua,172,ACE.FlushQueuedPointChanges,global,ACE.table,ACE.table,function,server-or-shared,inventory-confirmed
lua/ace/server/sv_pointshandling.lua,239,ACE.NotifyContraptionPointsInvalidated,global,ACE.table,ACE.table,function,server-or-shared,inventory-confirmed
lua/ace/server/sv_pointshandling.lua,275,ACE_CalcSubsystem,ace-private-local,local ACE_*,local ACE_*,function,server-or-shared,inventory-confirmed
lua/ace/server/sv_pointshandling.lua,302,ACE.CalcNonArmorPoints,global,ACE.table,ACE.table,function,server-or-shared,inventory-confirmed
lua/ace/server/sv_pointshandling.lua,337,ACE.CalcContraptionArmorPoints,global,ACE.table,ACE.table,function,server-or-shared,inventory-confirmed
lua/ace/server/sv_pointshandling.lua,353,ACE.RebuildContraptionPoints,global,ACE.table,ACE.table,function,server-or-shared,inventory-confirmed
lua/ace/server/sv_pointshandling.lua,399,ACE.EnsureContraptionPoints,global,ACE.table,ACE.table,function,server-or-shared,inventory-confirmed
lua/ace/shared/ammocrates/acfcratelist.lua,670,volumefunction,global,review-required,canonical helper candidate,function-assignment,shared-or-unknown,review-required
lua/ace/shared/ammocrates/acfcratelist.lua,693,volumefunction,global,review-required,canonical helper candidate,function-assignment,shared-or-unknown,review-required
lua/ace/shared/ammocrates/acfcratelist.lua,716,volumefunction,global,review-required,canonical helper candidate,function-assignment,shared-or-unknown,review-required
lua/ace/shared/ammocrates/acfcratelist.lua,754,volumefunction,global,review-required,canonical helper candidate,function-assignment,shared-or-unknown,review-required
lua/ace/shared/ammocrates/acfcratelist.lua,829,volumefunction,global,review-required,canonical helper candidate,function-assignment,shared-or-unknown,review-required
lua/ace/shared/ammocrates/acfcratelist.lua,857,volumefunction,global,review-required,canonical helper candidate,function-assignment,shared-or-unknown,review-required
lua/ace/shared/ammocrates/ammocrates.lua,87,volumefunction,global,review-required,canonical helper candidate,function-assignment,shared-or-unknown,review-required
lua/ace/shared/ammocrates/ammocrates.lua,110,volumefunction,global,review-required,canonical helper candidate,function-assignment,shared-or-unknown,review-required
lua/ace/shared/ammocrates/ammocrates.lua,133,volumefunction,global,review-required,canonical helper candidate,function-assignment,shared-or-unknown,review-required
lua/ace/shared/ammocrates/ammocrates.lua,171,volumefunction,global,review-required,canonical helper candidate,function-assignment,shared-or-unknown,review-required
lua/ace/shared/ammocrates/ammocrates.lua,246,volumefunction,global,review-required,canonical helper candidate,function-assignment,shared-or-unknown,review-required
lua/ace/shared/ammocrates/ammocrates.lua,274,volumefunction,global,review-required,canonical helper candidate,function-assignment,shared-or-unknown,review-required
lua/ace/shared/armor/aluminum.lua,24,Material.ArmorResolution,global,review-required,canonical helper candidate,function,shared-or-unknown,review-required
lua/ace/shared/armor/cast.lua,26,Material.ArmorResolution,global,review-required,canonical helper candidate,function,shared-or-unknown,review-required
lua/ace/shared/armor/ceramic.lua,26,Material.ArmorResolution,global,review-required,canonical helper candidate,function,shared-or-unknown,review-required
lua/ace/shared/armor/du.lua,26,Material.ArmorResolution,global,review-required,canonical helper candidate,function,shared-or-unknown,review-required
lua/ace/shared/armor/du.lua,67,,anonymous,review-required,canonical helper candidate,anonymous-function,shared-or-unknown,review-required
lua/ace/shared/armor/du.lua,96,,anonymous,review-required,canonical helper candidate,anonymous-function,shared-or-unknown,review-required
lua/ace/shared/armor/era.lua,58,Material.ArmorResolution,global,review-required,canonical helper candidate,function,shared-or-unknown,review-required
lua/ace/shared/armor/era.lua,106,,anonymous,review-required,canonical helper candidate,anonymous-function,shared-or-unknown,review-required
lua/ace/shared/armor/era.lua,124,,anonymous,review-required,canonical helper candidate,anonymous-function,shared-or-unknown,review-required
lua/ace/shared/armor/rha.lua,26,Material.ArmorResolution,global,review-required,canonical helper candidate,function,shared-or-unknown,review-required
lua/ace/shared/armor/rubber.lua,39,Material.ArmorResolution,global,review-required,canonical helper candidate,function,shared-or-unknown,review-required
lua/ace/shared/armor/textolite.lua,30,Material.ArmorResolution,global,review-required,canonical helper candidate,function,shared-or-unknown,review-required
lua/ace/shared/armor/titanium.lua,26,Material.ArmorResolution,global,review-required,canonical helper candidate,function,shared-or-unknown,review-required
lua/ace/shared/compatibility/cppiCompatibility.lua,1,,anonymous,review-required,canonical helper candidate,anonymous-function,shared-or-unknown,review-required
lua/ace/shared/compatibility/cppiCompatibility.lua,8,CPPI:GetName,global,review-required,canonical helper candidate,function,shared-or-unknown,review-required
lua/ace/shared/compatibility/cppiCompatibility.lua,10,CPPI:GetVersion,global,review-required,canonical helper candidate,function,shared-or-unknown,review-required
lua/ace/shared/compatibility/cppiCompatibility.lua,11,CPPI:GetInterfaceVersion,global,review-required,canonical helper candidate,function,shared-or-unknown,review-required
lua/ace/shared/compatibility/cppiCompatibility.lua,12,CPPI:GetNameFromUID,global,review-required,canonical helper candidate,function,shared-or-unknown,review-required
lua/ace/shared/compatibility/cppiCompatibility.lua,17,PLAYER:CPPIGetFriends,global,review-required,canonical helper candidate,function,shared-or-unknown,review-required
lua/ace/shared/compatibility/cppiCompatibility.lua,23,ENTITY:CPPIGetOwner,global,review-required,canonical helper candidate,function,shared-or-unknown,review-required
lua/ace/shared/compatibility/cppiCompatibility.lua,33,ENTITY:CPPISetOwner,global,review-required,canonical helper candidate,function,shared-or-unknown,review-required
lua/ace/shared/compatibility/cppiCompatibility.lua,55,,anonymous,review-required,canonical helper candidate,anonymous-function,shared-or-unknown,review-required
lua/ace/shared/compatibility/cppiCompatibility.lua,64,ENTITY:CPPISetOwnerUID,global,review-required,canonical helper candidate,function,shared-or-unknown,review-required
lua/ace/shared/compatibility/cppiCompatibility.lua,66,ENTITY:CPPICanTool,global,review-required,canonical helper candidate,function,shared-or-unknown,review-required
lua/ace/shared/compatibility/cppiCompatibility.lua,73,ENTITY:CPPICanPhysgun,global,review-required,canonical helper candidate,function,shared-or-unknown,review-required
lua/ace/shared/compatibility/cppiCompatibility.lua,75,ENTITY:CPPICanPickup,global,review-required,canonical helper candidate,function,shared-or-unknown,review-required
lua/ace/shared/compatibility/cppiCompatibility.lua,76,ENTITY:CPPICanPunt,global,review-required,canonical helper candidate,function,shared-or-unknown,review-required
lua/ace/shared/compatibility/cppiCompatibility.lua,77,ENTITY:CPPICanUse,global,review-required,canonical helper candidate,function,shared-or-unknown,review-required
lua/ace/shared/compatibility/cppiCompatibility.lua,78,ENTITY:CPPICanDamage,global,review-required,canonical helper candidate,function,shared-or-unknown,review-required
lua/ace/shared/compatibility/cppiCompatibility.lua,79,ENTITY:CPPIDrive,global,review-required,canonical helper candidate,function,shared-or-unknown,review-required
lua/ace/shared/compatibility/cppiCompatibility.lua,80,ENTITY:CPPICanProperty,global,review-required,canonical helper candidate,function,shared-or-unknown,review-required
lua/ace/shared/compatibility/cppiCompatibility.lua,81,ENTITY:CPPICanEditVariable,global,review-required,canonical helper candidate,function,shared-or-unknown,review-required
lua/ace/shared/compatibility/cppiCompatibility.lua,82,SetOwner,local,review-required,canonical helper candidate,function,shared-or-unknown,review-required
lua/ace/shared/compatibility/cppiCompatibility.lua,88,SetOwnerTheReturn,local,review-required,canonical helper candidate,function,shared-or-unknown,review-required
lua/ace/shared/compatibility/cppiCompatibility.lua,93,,anonymous,review-required,canonical helper candidate,anonymous-function,shared-or-unknown,review-required
lua/ace/shared/compatibility/cppiCompatibility.lua,114,,anonymous,review-required,canonical helper candidate,anonymous-function,shared-or-unknown,review-required
lua/ace/shared/fuses/a_contact.lua,47,this:Init,global,review-required,canonical helper candidate,function,shared-or-unknown,review-required
lua/ace/shared/fuses/a_contact.lua,51,this:IsArmed,global,review-required,canonical helper candidate,function,shared-or-unknown,review-required
lua/ace/shared/fuses/a_contact.lua,56,this:Configure,global,review-required,canonical helper candidate,function,shared-or-unknown,review-required
lua/ace/shared/fuses/a_contact.lua,63,this:GetDetonate,global,review-required,canonical helper candidate,function,shared-or-unknown,review-required
lua/ace/shared/fuses/a_contact.lua,69,this:PerformDetonation,global,review-required,canonical helper candidate,function,shared-or-unknown,review-required
lua/ace/shared/fuses/a_contact.lua,93,this:GetDisplayConfig,global,review-required,canonical helper candidate,function,shared-or-unknown,review-required
lua/ace/shared/fuses/b_optical.lua,40,this:GetDetonate,global,review-required,canonical helper candidate,function,shared-or-unknown,review-required
lua/ace/shared/fuses/b_optical.lua,66,this:GetDisplayConfig,global,review-required,canonical helper candidate,function,shared-or-unknown,review-required
lua/ace/shared/fuses/c_radio.lua,74,FilterFunction,local,review-required,canonical helper candidate,function,shared-or-unknown,review-required
lua/ace/shared/fuses/c_radio.lua,82,this:Configure,global,review-required,canonical helper candidate,function,shared-or-unknown,review-required
lua/ace/shared/fuses/c_radio.lua,87,this:GetDetonate,global,review-required,canonical helper candidate,function,shared-or-unknown,review-required
lua/ace/shared/fuses/c_radio.lua,129,this:GetDisplayConfig,global,review-required,canonical helper candidate,function,shared-or-unknown,review-required
lua/ace/shared/fuses/d_timed.lua,40,this:GetDetonate,global,review-required,canonical helper candidate,function,shared-or-unknown,review-required
lua/ace/shared/fuses/d_timed.lua,47,this:GetDisplayConfig,global,review-required,canonical helper candidate,function,shared-or-unknown,review-required
lua/ace/shared/fuses/e_plunging.lua,56,this:GetDetonate,global,review-required,canonical helper candidate,function,shared-or-unknown,review-required
lua/ace/shared/fuses/e_plunging.lua,73,,anonymous,review-required,canonical helper candidate,anonymous-function,shared-or-unknown,review-required
lua/ace/shared/fuses/e_plunging.lua,90,this:GetDisplayConfig,global,review-required,canonical helper candidate,function,shared-or-unknown,review-required
lua/ace/shared/fuses/f_overshoot.lua,48,this:Configure,global,review-required,canonical helper candidate,function,shared-or-unknown,review-required
lua/ace/shared/fuses/f_overshoot.lua,53,this:GetDetonate,global,review-required,canonical helper candidate,function,shared-or-unknown,review-required
lua/ace/shared/fuses/f_overshoot.lua,90,this:GetDisplayConfig,global,review-required,canonical helper candidate,function,shared-or-unknown,review-required
lua/ace/shared/fuses/g_altitude.lua,23,this:Configure,global,review-required,canonical helper candidate,function,shared-or-unknown,review-required
lua/ace/shared/fuses/g_altitude.lua,49,this:GetDetonate,global,review-required,canonical helper candidate,function,shared-or-unknown,review-required
lua/ace/shared/fuses/g_altitude.lua,68,this:GetDisplayConfig,global,review-required,canonical helper candidate,function,shared-or-unknown,review-required
lua/ace/shared/guidances/a_dumb.lua,21,this:Init,global,review-required,canonical helper candidate,function,shared-or-unknown,review-required
lua/ace/shared/guidances/a_dumb.lua,25,this:Configure,global,review-required,canonical helper candidate,function,shared-or-unknown,review-required
lua/ace/shared/guidances/a_dumb.lua,28,this:GetGuidance,global,review-required,canonical helper candidate,function,shared-or-unknown,review-required
lua/ace/shared/guidances/a_dumb.lua,35,this:PreGuidance,global,review-required,canonical helper candidate,function,shared-or-unknown,review-required
lua/ace/shared/guidances/a_dumb.lua,39,this:ApplyOverride,global,review-required,canonical helper candidate,function,shared-or-unknown,review-required
lua/ace/shared/guidances/a_dumb.lua,43,this:GetDisplayConfig,global,review-required,canonical helper candidate,function,shared-or-unknown,review-required
lua/ace/shared/guidances/b_wire.lua,21,this:Init,global,review-required,canonical helper candidate,function,shared-or-unknown,review-required
lua/ace/shared/guidances/b_wire.lua,25,this:GetSeekFilter,global,review-required,canonical helper candidate,function,shared-or-unknown,review-required
lua/ace/shared/guidances/b_wire.lua,34,this:Configure,global,review-required,canonical helper candidate,function,shared-or-unknown,review-required
lua/ace/shared/guidances/b_wire.lua,51,this:GetGuidance,global,review-required,canonical helper candidate,function,shared-or-unknown,review-required
lua/ace/shared/guidances/b_wire.lua,88,this:GetDisplayConfig,global,review-required,canonical helper candidate,function,shared-or-unknown,review-required
lua/ace/shared/guidances/c_antimissile.lua,30,this:Init,global,review-required,canonical helper candidate,function,shared-or-unknown,review-required
lua/ace/shared/guidances/c_antimissile.lua,35,this:Configure,global,review-required,canonical helper candidate,function,shared-or-unknown,review-required
lua/ace/shared/guidances/c_antimissile.lua,44,this:GetGuidance,global,review-required,canonical helper candidate,function,shared-or-unknown,review-required
lua/ace/shared/guidances/c_antimissile.lua,86,this:CheckTarget,global,review-required,canonical helper candidate,function,shared-or-unknown,review-required
lua/ace/shared/guidances/c_antimissile.lua,98,this:GetWhitelistedEntsInCone,global,review-required,canonical helper candidate,function,shared-or-unknown,review-required
lua/ace/shared/guidances/c_antimissile.lua,120,LOSdata.filter,global,review-required,canonical helper candidate,function-assignment,shared-or-unknown,review-required
lua/ace/shared/guidances/c_antimissile.lua,134,this:AcquireLock,global,review-required,canonical helper candidate,function,shared-or-unknown,review-required
lua/ace/shared/guidances/c_antimissile.lua,213,this:GetDisplayConfig,global,review-required,canonical helper candidate,function,shared-or-unknown,review-required
lua/ace/shared/guidances/d_infrared.lua,43,this:Init,global,review-required,canonical helper candidate,function,shared-or-unknown,review-required
lua/ace/shared/guidances/d_infrared.lua,48,this:Configure,global,review-required,canonical helper candidate,function,shared-or-unknown,review-required
lua/ace/shared/guidances/d_infrared.lua,67,this:GetGuidance,global,review-required,canonical helper candidate,function,shared-or-unknown,review-required
lua/ace/shared/guidances/d_infrared.lua,126,this:ApplyOverride,global,review-required,canonical helper candidate,function,shared-or-unknown,review-required
lua/ace/shared/guidances/d_infrared.lua,142,this:CheckTarget,global,review-required,canonical helper candidate,function,shared-or-unknown,review-required
lua/ace/shared/guidances/d_infrared.lua,151,this:GetWhitelistedContraptionsInCone,global,review-required,canonical helper candidate,function,shared-or-unknown,review-required
lua/ace/shared/guidances/d_infrared.lua,185,LOSdata.filter,global,review-required,canonical helper candidate,function-assignment,shared-or-unknown,review-required
lua/ace/shared/guidances/d_infrared.lua,202,this:AcquireLock,global,review-required,canonical helper candidate,function,shared-or-unknown,review-required
lua/ace/shared/guidances/d_infrared.lua,376,this:GetDisplayConfig,global,review-required,canonical helper candidate,function,shared-or-unknown,review-required
lua/ace/shared/guidances/e_laser.lua,17,this:Init,global,review-required,canonical helper candidate,function,shared-or-unknown,review-required
lua/ace/shared/guidances/e_laser.lua,24,this:Configure,global,review-required,canonical helper candidate,function,shared-or-unknown,review-required
lua/ace/shared/guidances/e_laser.lua,36,this:GetGuidance,global,review-required,canonical helper candidate,function,shared-or-unknown,review-required
lua/ace/shared/guidances/e_laser.lua,64,filter,global,review-required,canonical helper candidate,function-assignment,shared-or-unknown,review-required
lua/ace/shared/guidances/e_laser.lua,78,this:GetDisplayConfig,global,review-required,canonical helper candidate,function,shared-or-unknown,review-required
lua/ace/shared/guidances/f_radar.lua,40,this:Init,global,review-required,canonical helper candidate,function,shared-or-unknown,review-required
lua/ace/shared/guidances/f_radar.lua,45,this:Configure,global,review-required,canonical helper candidate,function,shared-or-unknown,review-required
lua/ace/shared/guidances/f_radar.lua,57,this:GetGuidance,global,review-required,canonical helper candidate,function,shared-or-unknown,review-required
lua/ace/shared/guidances/f_radar.lua,122,this:ApplyOverride,global,review-required,canonical helper candidate,function,shared-or-unknown,review-required
lua/ace/shared/guidances/f_radar.lua,138,this:CheckTarget,global,review-required,canonical helper candidate,function,shared-or-unknown,review-required
lua/ace/shared/guidances/f_radar.lua,150,this:GetWhitelistedEntsInCone,global,review-required,canonical helper candidate,function,shared-or-unknown,review-required
lua/ace/shared/guidances/f_radar.lua,197,LOSdata.filter,global,review-required,canonical helper candidate,function-assignment,shared-or-unknown,review-required
lua/ace/shared/guidances/f_radar.lua,250,LOSdata.filter,global,review-required,canonical helper candidate,function-assignment,shared-or-unknown,review-required
lua/ace/shared/guidances/f_radar.lua,270,this:AcquireLock,global,review-required,canonical helper candidate,function,shared-or-unknown,review-required
lua/ace/shared/guidances/f_radar.lua,366,this:GetDisplayConfig,global,review-required,canonical helper candidate,function,shared-or-unknown,review-required
lua/ace/shared/guidances/g_gps.lua,20,this:Init,global,review-required,canonical helper candidate,function,shared-or-unknown,review-required
lua/ace/shared/guidances/g_gps.lua,25,this:Configure,global,review-required,canonical helper candidate,function,shared-or-unknown,review-required
lua/ace/shared/guidances/g_gps.lua,36,this:GetGuidance,global,review-required,canonical helper candidate,function,shared-or-unknown,review-required
lua/ace/shared/guidances/g_gps.lua,66,this:GetDisplayConfig,global,review-required,canonical helper candidate,function,shared-or-unknown,review-required
lua/ace/shared/guidances/h_antiradiation.lua,35,this:Init,global,review-required,canonical helper candidate,function,shared-or-unknown,review-required
lua/ace/shared/guidances/h_antiradiation.lua,40,this:Configure,global,review-required,canonical helper candidate,function,shared-or-unknown,review-required
lua/ace/shared/guidances/h_antiradiation.lua,49,this:GetGuidance,global,review-required,canonical helper candidate,function,shared-or-unknown,review-required
lua/ace/shared/guidances/h_antiradiation.lua,94,this:ApplyOverride,global,review-required,canonical helper candidate,function,shared-or-unknown,review-required
lua/ace/shared/guidances/h_antiradiation.lua,110,this:CheckTarget,global,review-required,canonical helper candidate,function,shared-or-unknown,review-required
lua/ace/shared/guidances/h_antiradiation.lua,122,this:GetWhitelistedEntsInCone,global,review-required,canonical helper candidate,function,shared-or-unknown,review-required
lua/ace/shared/guidances/h_antiradiation.lua,150,LOSdata.filter,global,review-required,canonical helper candidate,function-assignment,shared-or-unknown,review-required
lua/ace/shared/guidances/h_antiradiation.lua,166,this:AcquireLock,global,review-required,canonical helper candidate,function,shared-or-unknown,review-required
lua/ace/shared/guidances/h_antiradiation.lua,219,this:GetDisplayConfig,global,review-required,canonical helper candidate,function,shared-or-unknown,review-required
lua/ace/shared/guidances/i_radarsemi.lua,35,this:Init,global,review-required,canonical helper candidate,function,shared-or-unknown,review-required
lua/ace/shared/guidances/i_radarsemi.lua,40,this:Configure,global,review-required,canonical helper candidate,function,shared-or-unknown,review-required
lua/ace/shared/guidances/i_radarsemi.lua,66,this:GetGuidance,global,review-required,canonical helper candidate,function,shared-or-unknown,review-required
lua/ace/shared/guidances/i_radarsemi.lua,120,this:CheckTarget,global,review-required,canonical helper candidate,function,shared-or-unknown,review-required
lua/ace/shared/guidances/i_radarsemi.lua,130,this:GetWhitelistedEntsInCone,global,review-required,canonical helper candidate,function,shared-or-unknown,review-required
lua/ace/shared/guidances/i_radarsemi.lua,166,LOSdata.filter,global,review-required,canonical helper candidate,function-assignment,shared-or-unknown,review-required
lua/ace/shared/guidances/i_radarsemi.lua,204,LOSdata.filter,global,review-required,canonical helper candidate,function-assignment,shared-or-unknown,review-required
lua/ace/shared/guidances/i_radarsemi.lua,221,this:AcquireLock,global,review-required,canonical helper candidate,function,shared-or-unknown,review-required
lua/ace/shared/guidances/i_radarsemi.lua,315,this:GetDisplayConfig,global,review-required,canonical helper candidate,function,shared-or-unknown,review-required
lua/ace/shared/guidances/j_topattackir.lua,47,this:Init,global,review-required,canonical helper candidate,function,shared-or-unknown,review-required
lua/ace/shared/guidances/j_topattackir.lua,52,this:Configure,global,review-required,canonical helper candidate,function,shared-or-unknown,review-required
lua/ace/shared/guidances/j_topattackir.lua,71,this:GetGuidance,global,review-required,canonical helper candidate,function,shared-or-unknown,review-required
lua/ace/shared/guidances/j_topattackir.lua,145,this:ApplyOverride,global,review-required,canonical helper candidate,function,shared-or-unknown,review-required
lua/ace/shared/guidances/j_topattackir.lua,161,this:CheckTarget,global,review-required,canonical helper candidate,function,shared-or-unknown,review-required
lua/ace/shared/guidances/j_topattackir.lua,170,this:GetWhitelistedContraptionsInCone,global,review-required,canonical helper candidate,function,shared-or-unknown,review-required
lua/ace/shared/guidances/j_topattackir.lua,204,LOSdata.filter,global,review-required,canonical helper candidate,function-assignment,shared-or-unknown,review-required
lua/ace/shared/guidances/j_topattackir.lua,221,this:AcquireLock,global,review-required,canonical helper candidate,function,shared-or-unknown,review-required
lua/ace/shared/guidances/j_topattackir.lua,376,this:GetDisplayConfig,global,review-required,canonical helper candidate,function,shared-or-unknown,review-required
lua/ace/shared/guidances/k_beamrider.lua,19,this:Init,global,review-required,canonical helper candidate,function,shared-or-unknown,review-required
lua/ace/shared/guidances/k_beamrider.lua,24,this:Configure,global,review-required,canonical helper candidate,function,shared-or-unknown,review-required
lua/ace/shared/guidances/k_beamrider.lua,63,this:GetGuidance,global,review-required,canonical helper candidate,function,shared-or-unknown,review-required
lua/ace/shared/guidances/k_beamrider.lua,87,this:GetDisplayConfig,global,review-required,canonical helper candidate,function,shared-or-unknown,review-required
lua/ace/shared/guidances/l_straightrunning.lua,22,this:Init,global,review-required,canonical helper candidate,function,shared-or-unknown,review-required
lua/ace/shared/guidances/l_straightrunning.lua,27,this:Configure,global,review-required,canonical helper candidate,function,shared-or-unknown,review-required
lua/ace/shared/guidances/l_straightrunning.lua,38,this:GetGuidance,global,review-required,canonical helper candidate,function,shared-or-unknown,review-required
lua/ace/shared/guidances/l_straightrunning.lua,83,this:GetDisplayConfig,global,review-required,canonical helper candidate,function,shared-or-unknown,review-required
lua/ace/shared/guidances/m_acoustic_spiral.lua,42,this:Init,global,review-required,canonical helper candidate,function,shared-or-unknown,review-required
lua/ace/shared/guidances/m_acoustic_spiral.lua,47,this:Configure,global,review-required,canonical helper candidate,function,shared-or-unknown,review-required
lua/ace/shared/guidances/m_acoustic_spiral.lua,58,this:GetGuidance,global,review-required,canonical helper candidate,function,shared-or-unknown,review-required
lua/ace/shared/guidances/m_acoustic_spiral.lua,154,LOSdata.filter,global,review-required,canonical helper candidate,function-assignment,shared-or-unknown,review-required
lua/ace/shared/guidances/m_acoustic_spiral.lua,194,this:ApplyOverride,global,review-required,canonical helper candidate,function,shared-or-unknown,review-required
lua/ace/shared/guidances/m_acoustic_spiral.lua,210,this:CheckTarget,global,review-required,canonical helper candidate,function,shared-or-unknown,review-required
lua/ace/shared/guidances/m_acoustic_spiral.lua,222,this:GetWhitelistedEntsInCone,global,review-required,canonical helper candidate,function,shared-or-unknown,review-required
lua/ace/shared/guidances/m_acoustic_spiral.lua,257,LOSdata.filter,global,review-required,canonical helper candidate,function-assignment,shared-or-unknown,review-required
lua/ace/shared/guidances/m_acoustic_spiral.lua,275,this:AcquireLock,global,review-required,canonical helper candidate,function,shared-or-unknown,review-required
lua/ace/shared/guidances/m_acoustic_spiral.lua,367,this:GetDisplayConfig,global,review-required,canonical helper candidate,function,shared-or-unknown,review-required
lua/ace/shared/guidances/m_acoustic_straight.lua,39,this:Init,global,review-required,canonical helper candidate,function,shared-or-unknown,review-required
lua/ace/shared/guidances/m_acoustic_straight.lua,44,this:Configure,global,review-required,canonical helper candidate,function,shared-or-unknown,review-required
lua/ace/shared/guidances/m_acoustic_straight.lua,55,this:GetGuidance,global,review-required,canonical helper candidate,function,shared-or-unknown,review-required
lua/ace/shared/guidances/m_acoustic_straight.lua,147,this:ApplyOverride,global,review-required,canonical helper candidate,function,shared-or-unknown,review-required
lua/ace/shared/guidances/m_acoustic_straight.lua,163,this:CheckTarget,global,review-required,canonical helper candidate,function,shared-or-unknown,review-required
lua/ace/shared/guidances/m_acoustic_straight.lua,175,this:GetWhitelistedEntsInCone,global,review-required,canonical helper candidate,function,shared-or-unknown,review-required
lua/ace/shared/guidances/m_acoustic_straight.lua,210,LOSdata.filter,global,review-required,canonical helper candidate,function-assignment,shared-or-unknown,review-required
lua/ace/shared/guidances/m_acoustic_straight.lua,228,this:AcquireLock,global,review-required,canonical helper candidate,function,shared-or-unknown,review-required
lua/ace/shared/guidances/m_acoustic_straight.lua,320,this:GetDisplayConfig,global,review-required,canonical helper candidate,function,shared-or-unknown,review-required
lua/ace/shared/guidances/n_gps_terrain_avoiding.lua,22,this:Init,global,review-required,canonical helper candidate,function,shared-or-unknown,review-required
lua/ace/shared/guidances/n_gps_terrain_avoiding.lua,27,this:Configure,global,review-required,canonical helper candidate,function,shared-or-unknown,review-required
lua/ace/shared/guidances/n_gps_terrain_avoiding.lua,38,this:GetGuidance,global,review-required,canonical helper candidate,function,shared-or-unknown,review-required
lua/ace/shared/guidances/n_gps_terrain_avoiding.lua,85,LOSdata.filter,global,review-required,canonical helper candidate,function-assignment,shared-or-unknown,review-required
lua/ace/shared/guidances/n_gps_terrain_avoiding.lua,137,this:GetDisplayConfig,global,review-required,canonical helper candidate,function,shared-or-unknown,review-required
lua/ace/shared/guidances/o_command.lua,17,this:Init,global,review-required,canonical helper candidate,function,shared-or-unknown,review-required
lua/ace/shared/guidances/o_command.lua,24,this:Configure,global,review-required,canonical helper candidate,function,shared-or-unknown,review-required
lua/ace/shared/guidances/o_command.lua,36,this:GetGuidance,global,review-required,canonical helper candidate,function,shared-or-unknown,review-required
lua/ace/shared/guidances/o_command.lua,64,filter,global,review-required,canonical helper candidate,function-assignment,shared-or-unknown,review-required
lua/ace/shared/guidances/o_command.lua,78,this:GetDisplayConfig,global,review-required,canonical helper candidate,function,shared-or-unknown,review-required
lua/ace/shared/guns/autocannon.lua,140,muzzlefunc,global,review-required,canonical helper candidate,function-assignment,shared-or-unknown,review-required
lua/ace/shared/guns/cannon.lua,146,muzzlefunc,global,review-required,canonical helper candidate,function-assignment,shared-or-unknown,review-required
lua/ace/shared/guns/cannon.lua,545,muzzlefunc,global,review-required,canonical helper candidate,function-assignment,shared-or-unknown,review-required
lua/ace/shared/guns/machinegun.lua,87,muzzlefunc,global,review-required,canonical helper candidate,function-assignment,shared-or-unknown,review-required
lua/ace/shared/guns/mortar.lua,153,muzzlefunc,global,review-required,canonical helper candidate,function-assignment,shared-or-unknown,review-required
lua/ace/shared/guns/rotaryautocannon.lua,68,muzzlefunc,global,review-required,canonical helper candidate,function-assignment,shared-or-unknown,review-required
lua/ace/shared/rounds/ace_roundfunctions.lua,9,ACE.RoundBaseGunpowder,global,ACE.table,ACE.table,function,shared-or-unknown,inventory-confirmed
lua/ace/shared/rounds/ace_roundfunctions.lua,63,ACE.RoundShellCapacity,global,ACE.table,ACE.table,function,shared-or-unknown,inventory-confirmed
lua/ace/shared/rounds/ace_roundfunctions.lua,73,ACE.RicoProbability,global,ACE.table,ACE.table,function,shared-or-unknown,inventory-confirmed
lua/ace/shared/rounds/ace_roundfunctions.lua,85,ACE.PenRanging,global,ACE.table,ACE.table,function,shared-or-unknown,inventory-confirmed
lua/ace/shared/rounds/ace_roundfunctions.lua,100,VerifyScale,local,review-required,canonical helper candidate,function,shared-or-unknown,review-required
lua/ace/shared/rounds/ace_roundfunctions.lua,113,VerifyVector,local,review-required,canonical helper candidate,function,shared-or-unknown,review-required
lua/ace/shared/rounds/ace_roundfunctions.lua,126,CreateRealScale,local,review-required,canonical helper candidate,function,shared-or-unknown,review-required
lua/ace/shared/rounds/ace_roundfunctions.lua,139,ACE.AmmoCapacity,global,ACE.table,ACE.table,function,shared-or-unknown,inventory-confirmed
lua/ace/shared/rounds/ace_roundfunctions.lua,195,ACE.AmmoCapacityDisplay,global,ACE.table,ACE.table,function,shared-or-unknown,inventory-confirmed
lua/ace/shared/rounds/ace_roundfunctions.lua,212,ACE.AmmoRangeStats,global,ACE.table,ACE.table,function,shared-or-unknown,inventory-confirmed
lua/ace/shared/rounds/ace_roundfunctions.lua,233,ACE.AmmoStats,global,ACE.table,ACE.table,function,shared-or-unknown,inventory-confirmed
lua/ace/shared/rounds/ace_roundfunctions.lua,241,ACE.UpperCommonDataDisplay,global,ACE.table,ACE.table,function,shared-or-unknown,inventory-confirmed
lua/ace/shared/rounds/ace_roundfunctions.lua,266,ACE.CommonDataDisplay,global,ACE.table,ACE.table,function,shared-or-unknown,inventory-confirmed
lua/ace/shared/rounds/ace_roundfunctions.lua,288,ACE.Checkboxes,global,ACE.table,ACE.table,function,shared-or-unknown,inventory-confirmed
lua/ace/shared/rounds/ace_roundfunctions.lua,303,ACE.CalcCrateStats,global,ACE.table,ACE.table,function,shared-or-unknown,inventory-confirmed
lua/ace/shared/rounds/roundap.lua,16,Round.create,global,review-required,canonical helper candidate,function,shared-or-unknown,review-required
lua/ace/shared/rounds/roundap.lua,22,Round.convert,global,review-required,canonical helper candidate,function,shared-or-unknown,review-required
lua/ace/shared/rounds/roundap.lua,60,Round.getDisplayData,global,review-required,canonical helper candidate,function,shared-or-unknown,review-required
lua/ace/shared/rounds/roundap.lua,67,Round.network,global,review-required,canonical helper candidate,function,shared-or-unknown,review-required
lua/ace/shared/rounds/roundap.lua,83,Round.cratetxt,global,review-required,canonical helper candidate,function,shared-or-unknown,review-required
lua/ace/shared/rounds/roundap.lua,97,Round.propimpact,global,review-required,canonical helper candidate,function,shared-or-unknown,review-required
lua/ace/shared/rounds/roundap.lua,126,Round.worldimpact,global,review-required,canonical helper candidate,function,shared-or-unknown,review-required
lua/ace/shared/rounds/roundap.lua,143,Round.endflight,global,review-required,canonical helper candidate,function,shared-or-unknown,review-required
lua/ace/shared/rounds/roundap.lua,149,Round.endeffect,global,review-required,canonical helper candidate,function,shared-or-unknown,review-required
lua/ace/shared/rounds/roundap.lua,162,Round.pierceeffect,global,review-required,canonical helper candidate,function,shared-or-unknown,review-required
lua/ace/shared/rounds/roundap.lua,175,Round.ricocheteffect,global,review-required,canonical helper candidate,function,shared-or-unknown,review-required
lua/ace/shared/rounds/roundap.lua,188,Round.guicreate,global,review-required,canonical helper candidate,function,shared-or-unknown,review-required
lua/ace/shared/rounds/roundap.lua,203,Round.guiupdate,global,review-required,canonical helper candidate,function,shared-or-unknown,review-required
lua/ace/shared/rounds/roundapds.lua,15,Round.create,global,review-required,canonical helper candidate,function,shared-or-unknown,review-required
lua/ace/shared/rounds/roundapds.lua,21,Round.convert,global,review-required,canonical helper candidate,function,shared-or-unknown,review-required
lua/ace/shared/rounds/roundapds.lua,120,Round.getDisplayData,global,review-required,canonical helper candidate,function,shared-or-unknown,review-required
lua/ace/shared/rounds/roundapds.lua,128,Round.network,global,review-required,canonical helper candidate,function,shared-or-unknown,review-required
lua/ace/shared/rounds/roundapds.lua,146,Round.cratetxt,global,review-required,canonical helper candidate,function,shared-or-unknown,review-required
lua/ace/shared/rounds/roundapds.lua,159,Round.propimpact,global,review-required,canonical helper candidate,function,shared-or-unknown,review-required
lua/ace/shared/rounds/roundapds.lua,190,Round.worldimpact,global,review-required,canonical helper candidate,function,shared-or-unknown,review-required
lua/ace/shared/rounds/roundapds.lua,204,Round.endflight,global,review-required,canonical helper candidate,function,shared-or-unknown,review-required
lua/ace/shared/rounds/roundapds.lua,210,Round.endeffect,global,review-required,canonical helper candidate,function,shared-or-unknown,review-required
lua/ace/shared/rounds/roundapds.lua,223,Round.pierceeffect,global,review-required,canonical helper candidate,function,shared-or-unknown,review-required
lua/ace/shared/rounds/roundapds.lua,236,Round.ricocheteffect,global,review-required,canonical helper candidate,function,shared-or-unknown,review-required
lua/ace/shared/rounds/roundapds.lua,249,Round.guicreate,global,review-required,canonical helper candidate,function,shared-or-unknown,review-required
lua/ace/shared/rounds/roundapds.lua,269,Round.guiupdate,global,review-required,canonical helper candidate,function,shared-or-unknown,review-required
lua/ace/shared/rounds/roundapfsds.lua,15,Round.create,global,review-required,canonical helper candidate,function,shared-or-unknown,review-required
lua/ace/shared/rounds/roundapfsds.lua,19,Round.convert,global,review-required,canonical helper candidate,function,shared-or-unknown,review-required
lua/ace/shared/rounds/roundapfsds.lua,99,Round.getDisplayData,global,review-required,canonical helper candidate,function,shared-or-unknown,review-required
lua/ace/shared/rounds/roundapfsds.lua,107,Round.network,global,review-required,canonical helper candidate,function,shared-or-unknown,review-required
lua/ace/shared/rounds/roundapfsds.lua,125,Round.cratetxt,global,review-required,canonical helper candidate,function,shared-or-unknown,review-required
lua/ace/shared/rounds/roundapfsds.lua,138,Round.propimpact,global,review-required,canonical helper candidate,function,shared-or-unknown,review-required
lua/ace/shared/rounds/roundapfsds.lua,168,Round.worldimpact,global,review-required,canonical helper candidate,function,shared-or-unknown,review-required
lua/ace/shared/rounds/roundapfsds.lua,182,Round.endflight,global,review-required,canonical helper candidate,function,shared-or-unknown,review-required
lua/ace/shared/rounds/roundapfsds.lua,188,Round.endeffect,global,review-required,canonical helper candidate,function,shared-or-unknown,review-required
lua/ace/shared/rounds/roundapfsds.lua,201,Round.pierceeffect,global,review-required,canonical helper candidate,function,shared-or-unknown,review-required
lua/ace/shared/rounds/roundapfsds.lua,214,Round.ricocheteffect,global,review-required,canonical helper candidate,function,shared-or-unknown,review-required
lua/ace/shared/rounds/roundapfsds.lua,227,Round.guicreate,global,review-required,canonical helper candidate,function,shared-or-unknown,review-required
lua/ace/shared/rounds/roundapfsds.lua,247,Round.guiupdate,global,review-required,canonical helper candidate,function,shared-or-unknown,review-required
lua/ace/shared/rounds/roundaphe.lua,15,Round.create,global,review-required,canonical helper candidate,function,shared-or-unknown,review-required
lua/ace/shared/rounds/roundaphe.lua,21,Round.convert,global,review-required,canonical helper candidate,function,shared-or-unknown,review-required
lua/ace/shared/rounds/roundaphe.lua,76,Round.getDisplayData,global,review-required,canonical helper candidate,function,shared-or-unknown,review-required
lua/ace/shared/rounds/roundaphe.lua,90,Round.network,global,review-required,canonical helper candidate,function,shared-or-unknown,review-required
lua/ace/shared/rounds/roundaphe.lua,108,Round.cratetxt,global,review-required,canonical helper candidate,function,shared-or-unknown,review-required
lua/ace/shared/rounds/roundaphe.lua,126,Round.propimpact,global,review-required,canonical helper candidate,function,shared-or-unknown,review-required
lua/ace/shared/rounds/roundaphe.lua,161,Round.worldimpact,global,review-required,canonical helper candidate,function,shared-or-unknown,review-required
lua/ace/shared/rounds/roundaphe.lua,175,Round.endflight,global,review-required,canonical helper candidate,function,shared-or-unknown,review-required
lua/ace/shared/rounds/roundaphe.lua,182,Round.endeffect,global,review-required,canonical helper candidate,function,shared-or-unknown,review-required
lua/ace/shared/rounds/roundaphe.lua,193,Round.pierceeffect,global,review-required,canonical helper candidate,function,shared-or-unknown,review-required
lua/ace/shared/rounds/roundaphe.lua,205,Round.ricocheteffect,global,review-required,canonical helper candidate,function,shared-or-unknown,review-required
lua/ace/shared/rounds/roundaphe.lua,217,Round.guicreate,global,review-required,canonical helper candidate,function,shared-or-unknown,review-required
lua/ace/shared/rounds/roundaphe.lua,240,Round.guiupdate,global,review-required,canonical helper candidate,function,shared-or-unknown,review-required
lua/ace/shared/rounds/roundchaff.lua,13,Round.create,global,review-required,canonical helper candidate,function,shared-or-unknown,review-required
lua/ace/shared/rounds/roundchaff.lua,44,Round.convert,global,review-required,canonical helper candidate,function,shared-or-unknown,review-required
lua/ace/shared/rounds/roundchaff.lua,100,Round.getDisplayData,global,review-required,canonical helper candidate,function,shared-or-unknown,review-required
lua/ace/shared/rounds/roundchaff.lua,113,Round.network,global,review-required,canonical helper candidate,function,shared-or-unknown,review-required
lua/ace/shared/rounds/roundchaff.lua,128,Round.cratetxt,global,review-required,canonical helper candidate,function,shared-or-unknown,review-required
lua/ace/shared/rounds/roundchaff.lua,143,Round.propimpact,global,review-required,canonical helper candidate,function,shared-or-unknown,review-required
lua/ace/shared/rounds/roundchaff.lua,149,Round.worldimpact,global,review-required,canonical helper candidate,function,shared-or-unknown,review-required
lua/ace/shared/rounds/roundchaff.lua,155,Round.endflight,global,review-required,canonical helper candidate,function,shared-or-unknown,review-required
lua/ace/shared/rounds/roundchaff.lua,161,Round.endeffect,global,review-required,canonical helper candidate,function,shared-or-unknown,review-required
lua/ace/shared/rounds/roundchaff.lua,165,Round.pierceeffect,global,review-required,canonical helper candidate,function,shared-or-unknown,review-required
lua/ace/shared/rounds/roundchaff.lua,177,Round.ricocheteffect,global,review-required,canonical helper candidate,function,shared-or-unknown,review-required
lua/ace/shared/rounds/roundchaff.lua,189,Round.guicreate,global,review-required,canonical helper candidate,function,shared-or-unknown,review-required
lua/ace/shared/rounds/roundchaff.lua,216,Round.guiupdate,global,review-required,canonical helper candidate,function,shared-or-unknown,review-required
lua/ace/shared/rounds/roundclusterap.lua,15,Round.convert,global,review-required,canonical helper candidate,function,shared-or-unknown,review-required
lua/ace/shared/rounds/roundclusterap.lua,67,Round.getDisplayData,global,review-required,canonical helper candidate,function,shared-or-unknown,review-required
lua/ace/shared/rounds/roundclusterap.lua,75,Round.network,global,review-required,canonical helper candidate,function,shared-or-unknown,review-required
lua/ace/shared/rounds/roundclusterap.lua,92,Round.cratetxt,global,review-required,canonical helper candidate,function,shared-or-unknown,review-required
lua/ace/shared/rounds/roundclusterap.lua,106,Round.propimpact,global,review-required,canonical helper candidate,function,shared-or-unknown,review-required
lua/ace/shared/rounds/roundclusterap.lua,121,Round.worldimpact,global,review-required,canonical helper candidate,function,shared-or-unknown,review-required
lua/ace/shared/rounds/roundclusterap.lua,127,GenerateCluster,local,review-required,canonical helper candidate,function,shared-or-unknown,review-required
lua/ace/shared/rounds/roundclusterap.lua,196,CreateCluster,local,review-required,canonical helper candidate,function,shared-or-unknown,review-required
lua/ace/shared/rounds/roundclusterap.lua,209,,anonymous,review-required,canonical helper candidate,anonymous-function,shared-or-unknown,review-required
lua/ace/shared/rounds/roundclusterap.lua,228,Round.create,global,review-required,canonical helper candidate,function,shared-or-unknown,review-required
lua/ace/shared/rounds/roundclusterap.lua,236,Round.onbulletflight,global,review-required,canonical helper candidate,function,shared-or-unknown,review-required
lua/ace/shared/rounds/roundclusterap.lua,258,Round.endflight,global,review-required,canonical helper candidate,function,shared-or-unknown,review-required
lua/ace/shared/rounds/roundclusterap.lua,272,Round.endeffect,global,review-required,canonical helper candidate,function,shared-or-unknown,review-required
lua/ace/shared/rounds/roundclusterap.lua,283,Round.pierceeffect,global,review-required,canonical helper candidate,function,shared-or-unknown,review-required
lua/ace/shared/rounds/roundclusterap.lua,305,Round.ricocheteffect,global,review-required,canonical helper candidate,function,shared-or-unknown,review-required
lua/ace/shared/rounds/roundclusterap.lua,317,Round.guicreate,global,review-required,canonical helper candidate,function,shared-or-unknown,review-required
lua/ace/shared/rounds/roundclusterap.lua,342,Round.guiupdate,global,review-required,canonical helper candidate,function,shared-or-unknown,review-required
lua/ace/shared/rounds/roundclusterhe.lua,15,Round.convert,global,review-required,canonical helper candidate,function,shared-or-unknown,review-required
lua/ace/shared/rounds/roundclusterhe.lua,79,Round.getDisplayData,global,review-required,canonical helper candidate,function,shared-or-unknown,review-required
lua/ace/shared/rounds/roundclusterhe.lua,94,Round.network,global,review-required,canonical helper candidate,function,shared-or-unknown,review-required
lua/ace/shared/rounds/roundclusterhe.lua,112,Round.cratetxt,global,review-required,canonical helper candidate,function,shared-or-unknown,review-required
lua/ace/shared/rounds/roundclusterhe.lua,128,Round.propimpact,global,review-required,canonical helper candidate,function,shared-or-unknown,review-required
lua/ace/shared/rounds/roundclusterhe.lua,143,Round.worldimpact,global,review-required,canonical helper candidate,function,shared-or-unknown,review-required
lua/ace/shared/rounds/roundclusterhe.lua,149,GenerateCluster,local,review-required,canonical helper candidate,function,shared-or-unknown,review-required
lua/ace/shared/rounds/roundclusterhe.lua,219,CreateCluster,local,review-required,canonical helper candidate,function,shared-or-unknown,review-required
lua/ace/shared/rounds/roundclusterhe.lua,230,,anonymous,review-required,canonical helper candidate,anonymous-function,shared-or-unknown,review-required
lua/ace/shared/rounds/roundclusterhe.lua,249,Round.create,global,review-required,canonical helper candidate,function,shared-or-unknown,review-required
lua/ace/shared/rounds/roundclusterhe.lua,257,Round.onbulletflight,global,review-required,canonical helper candidate,function,shared-or-unknown,review-required
lua/ace/shared/rounds/roundclusterhe.lua,281,Round.endflight,global,review-required,canonical helper candidate,function,shared-or-unknown,review-required
lua/ace/shared/rounds/roundclusterhe.lua,295,Round.endeffect,global,review-required,canonical helper candidate,function,shared-or-unknown,review-required
lua/ace/shared/rounds/roundclusterhe.lua,306,Round.pierceeffect,global,review-required,canonical helper candidate,function,shared-or-unknown,review-required
lua/ace/shared/rounds/roundclusterhe.lua,328,Round.ricocheteffect,global,review-required,canonical helper candidate,function,shared-or-unknown,review-required
lua/ace/shared/rounds/roundclusterhe.lua,340,Round.guicreate,global,review-required,canonical helper candidate,function,shared-or-unknown,review-required
lua/ace/shared/rounds/roundclusterhe.lua,369,Round.guiupdate,global,review-required,canonical helper candidate,function,shared-or-unknown,review-required
lua/ace/shared/rounds/roundclusterheat.lua,13,Round.ConeCalc,global,review-required,canonical helper candidate,function,shared-or-unknown,review-required
lua/ace/shared/rounds/roundclusterheat.lua,23,Round.convert,global,review-required,canonical helper candidate,function,shared-or-unknown,review-required
lua/ace/shared/rounds/roundclusterheat.lua,129,Round.getDisplayData,global,review-required,canonical helper candidate,function,shared-or-unknown,review-required
lua/ace/shared/rounds/roundclusterheat.lua,144,Round.network,global,review-required,canonical helper candidate,function,shared-or-unknown,review-required
lua/ace/shared/rounds/roundclusterheat.lua,165,Round.cratetxt,global,review-required,canonical helper candidate,function,shared-or-unknown,review-required
lua/ace/shared/rounds/roundclusterheat.lua,181,Round.propimpact,global,review-required,canonical helper candidate,function,shared-or-unknown,review-required
lua/ace/shared/rounds/roundclusterheat.lua,196,Round.worldimpact,global,review-required,canonical helper candidate,function,shared-or-unknown,review-required
lua/ace/shared/rounds/roundclusterheat.lua,202,GenerateCluster,local,review-required,canonical helper candidate,function,shared-or-unknown,review-required
lua/ace/shared/rounds/roundclusterheat.lua,290,CreateCluster,local,review-required,canonical helper candidate,function,shared-or-unknown,review-required
lua/ace/shared/rounds/roundclusterheat.lua,301,,anonymous,review-required,canonical helper candidate,anonymous-function,shared-or-unknown,review-required
lua/ace/shared/rounds/roundclusterheat.lua,319,Round.create,global,review-required,canonical helper candidate,function,shared-or-unknown,review-required
lua/ace/shared/rounds/roundclusterheat.lua,327,Round.onbulletflight,global,review-required,canonical helper candidate,function,shared-or-unknown,review-required
lua/ace/shared/rounds/roundclusterheat.lua,351,Round.endflight,global,review-required,canonical helper candidate,function,shared-or-unknown,review-required
lua/ace/shared/rounds/roundclusterheat.lua,365,Round.endeffect,global,review-required,canonical helper candidate,function,shared-or-unknown,review-required
lua/ace/shared/rounds/roundclusterheat.lua,376,Round.pierceeffect,global,review-required,canonical helper candidate,function,shared-or-unknown,review-required
lua/ace/shared/rounds/roundclusterheat.lua,398,Round.ricocheteffect,global,review-required,canonical helper candidate,function,shared-or-unknown,review-required
lua/ace/shared/rounds/roundclusterheat.lua,410,Round.guicreate,global,review-required,canonical helper candidate,function,shared-or-unknown,review-required
lua/ace/shared/rounds/roundclusterheat.lua,440,Round.guiupdate,global,review-required,canonical helper candidate,function,shared-or-unknown,review-required
lua/ace/shared/rounds/roundfl.lua,15,Round.create,global,review-required,canonical helper candidate,function,shared-or-unknown,review-required
lua/ace/shared/rounds/roundfl.lua,68,Round.convert,global,review-required,canonical helper candidate,function,shared-or-unknown,review-required
lua/ace/shared/rounds/roundfl.lua,137,Round.getDisplayData,global,review-required,canonical helper candidate,function,shared-or-unknown,review-required
lua/ace/shared/rounds/roundfl.lua,144,Round.network,global,review-required,canonical helper candidate,function,shared-or-unknown,review-required
lua/ace/shared/rounds/roundfl.lua,164,Round.cratetxt,global,review-required,canonical helper candidate,function,shared-or-unknown,review-required
lua/ace/shared/rounds/roundfl.lua,189,Round.propimpact,global,review-required,canonical helper candidate,function,shared-or-unknown,review-required
lua/ace/shared/rounds/roundfl.lua,216,Round.worldimpact,global,review-required,canonical helper candidate,function,shared-or-unknown,review-required
lua/ace/shared/rounds/roundfl.lua,233,Round.endflight,global,review-required,canonical helper candidate,function,shared-or-unknown,review-required
lua/ace/shared/rounds/roundfl.lua,239,Round.endeffect,global,review-required,canonical helper candidate,function,shared-or-unknown,review-required
lua/ace/shared/rounds/roundfl.lua,252,Round.pierceeffect,global,review-required,canonical helper candidate,function,shared-or-unknown,review-required
lua/ace/shared/rounds/roundfl.lua,265,Round.ricocheteffect,global,review-required,canonical helper candidate,function,shared-or-unknown,review-required
lua/ace/shared/rounds/roundfl.lua,278,Round.guicreate,global,review-required,canonical helper candidate,function,shared-or-unknown,review-required
lua/ace/shared/rounds/roundfl.lua,295,Round.guiupdate,global,review-required,canonical helper candidate,function,shared-or-unknown,review-required
lua/ace/shared/rounds/roundflare.lua,15,Round.create,global,review-required,canonical helper candidate,function,shared-or-unknown,review-required
lua/ace/shared/rounds/roundflare.lua,43,Round.convert,global,review-required,canonical helper candidate,function,shared-or-unknown,review-required
lua/ace/shared/rounds/roundflare.lua,99,Round.getDisplayData,global,review-required,canonical helper candidate,function,shared-or-unknown,review-required
lua/ace/shared/rounds/roundflare.lua,112,Round.network,global,review-required,canonical helper candidate,function,shared-or-unknown,review-required
lua/ace/shared/rounds/roundflare.lua,127,Round.cratetxt,global,review-required,canonical helper candidate,function,shared-or-unknown,review-required
lua/ace/shared/rounds/roundflare.lua,142,Round.propimpact,global,review-required,canonical helper candidate,function,shared-or-unknown,review-required
lua/ace/shared/rounds/roundflare.lua,148,Round.worldimpact,global,review-required,canonical helper candidate,function,shared-or-unknown,review-required
lua/ace/shared/rounds/roundflare.lua,154,Round.endflight,global,review-required,canonical helper candidate,function,shared-or-unknown,review-required
lua/ace/shared/rounds/roundflare.lua,160,Round.endeffect,global,review-required,canonical helper candidate,function,shared-or-unknown,review-required
lua/ace/shared/rounds/roundflare.lua,164,Round.pierceeffect,global,review-required,canonical helper candidate,function,shared-or-unknown,review-required
lua/ace/shared/rounds/roundflare.lua,176,Round.ricocheteffect,global,review-required,canonical helper candidate,function,shared-or-unknown,review-required
lua/ace/shared/rounds/roundflare.lua,188,Round.guicreate,global,review-required,canonical helper candidate,function,shared-or-unknown,review-required
lua/ace/shared/rounds/roundflare.lua,216,Round.guiupdate,global,review-required,canonical helper candidate,function,shared-or-unknown,review-required
lua/ace/shared/rounds/roundglgm.lua,15,Round.create,global,review-required,canonical helper candidate,function,shared-or-unknown,review-required
lua/ace/shared/rounds/roundglgm.lua,83,Round.ConeCalc,global,review-required,canonical helper candidate,function,shared-or-unknown,review-required
lua/ace/shared/rounds/roundglgm.lua,93,Round.convert,global,review-required,canonical helper candidate,function,shared-or-unknown,review-required
lua/ace/shared/rounds/roundglgm.lua,183,Round.getDisplayData,global,review-required,canonical helper candidate,function,shared-or-unknown,review-required
lua/ace/shared/rounds/roundglgm.lua,199,Round.network,global,review-required,canonical helper candidate,function,shared-or-unknown,review-required
lua/ace/shared/rounds/roundglgm.lua,217,Round.cratetxt,global,review-required,canonical helper candidate,function,shared-or-unknown,review-required
lua/ace/shared/rounds/roundglgm.lua,236,Round.detonate,global,review-required,canonical helper candidate,function,shared-or-unknown,review-required
lua/ace/shared/rounds/roundglgm.lua,259,Round.propimpact,global,review-required,canonical helper candidate,function,shared-or-unknown,review-required
lua/ace/shared/rounds/roundglgm.lua,303,Round.worldimpact,global,review-required,canonical helper candidate,function,shared-or-unknown,review-required
lua/ace/shared/rounds/roundglgm.lua,322,Round.endflight,global,review-required,canonical helper candidate,function,shared-or-unknown,review-required
lua/ace/shared/rounds/roundglgm.lua,328,Round.endeffect,global,review-required,canonical helper candidate,function,shared-or-unknown,review-required
lua/ace/shared/rounds/roundglgm.lua,340,Round.pierceeffect,global,review-required,canonical helper candidate,function,shared-or-unknown,review-required
lua/ace/shared/rounds/roundglgm.lua,368,Round.ricocheteffect,global,review-required,canonical helper candidate,function,shared-or-unknown,review-required
lua/ace/shared/rounds/roundglgm.lua,380,Round.guicreate,global,review-required,canonical helper candidate,function,shared-or-unknown,review-required
lua/ace/shared/rounds/roundglgm.lua,410,Round.guiupdate,global,review-required,canonical helper candidate,function,shared-or-unknown,review-required
lua/ace/shared/rounds/roundglgmhe.lua,13,Round.create,global,review-required,canonical helper candidate,function,shared-or-unknown,review-required
lua/ace/shared/rounds/roundglgmhe.lua,82,Round.convert,global,review-required,canonical helper candidate,function,shared-or-unknown,review-required
lua/ace/shared/rounds/roundglgmhe.lua,137,Round.getDisplayData,global,review-required,canonical helper candidate,function,shared-or-unknown,review-required
lua/ace/shared/rounds/roundglgmhe.lua,148,Round.network,global,review-required,canonical helper candidate,function,shared-or-unknown,review-required
lua/ace/shared/rounds/roundglgmhe.lua,166,Round.cratetxt,global,review-required,canonical helper candidate,function,shared-or-unknown,review-required
lua/ace/shared/rounds/roundglgmhe.lua,182,Round.propimpact,global,review-required,canonical helper candidate,function,shared-or-unknown,review-required
lua/ace/shared/rounds/roundglgmhe.lua,197,Round.worldimpact,global,review-required,canonical helper candidate,function,shared-or-unknown,review-required
lua/ace/shared/rounds/roundglgmhe.lua,201,Round.endflight,global,review-required,canonical helper candidate,function,shared-or-unknown,review-required
lua/ace/shared/rounds/roundglgmhe.lua,206,Round.endeffect,global,review-required,canonical helper candidate,function,shared-or-unknown,review-required
lua/ace/shared/rounds/roundglgmhe.lua,217,Round.pierceeffect,global,review-required,canonical helper candidate,function,shared-or-unknown,review-required
lua/ace/shared/rounds/roundglgmhe.lua,239,Round.ricocheteffect,global,review-required,canonical helper candidate,function,shared-or-unknown,review-required
lua/ace/shared/rounds/roundglgmhe.lua,251,Round.guicreate,global,review-required,canonical helper candidate,function,shared-or-unknown,review-required
lua/ace/shared/rounds/roundglgmhe.lua,278,Round.guiupdate,global,review-required,canonical helper candidate,function,shared-or-unknown,review-required
lua/ace/shared/rounds/roundhe.lua,15,Round.create,global,review-required,canonical helper candidate,function,shared-or-unknown,review-required
lua/ace/shared/rounds/roundhe.lua,21,Round.convert,global,review-required,canonical helper candidate,function,shared-or-unknown,review-required
lua/ace/shared/rounds/roundhe.lua,76,Round.getDisplayData,global,review-required,canonical helper candidate,function,shared-or-unknown,review-required
lua/ace/shared/rounds/roundhe.lua,87,Round.network,global,review-required,canonical helper candidate,function,shared-or-unknown,review-required
lua/ace/shared/rounds/roundhe.lua,105,Round.cratetxt,global,review-required,canonical helper candidate,function,shared-or-unknown,review-required
lua/ace/shared/rounds/roundhe.lua,121,Round.propimpact,global,review-required,canonical helper candidate,function,shared-or-unknown,review-required
lua/ace/shared/rounds/roundhe.lua,136,Round.worldimpact,global,review-required,canonical helper candidate,function,shared-or-unknown,review-required
lua/ace/shared/rounds/roundhe.lua,140,Round.endflight,global,review-required,canonical helper candidate,function,shared-or-unknown,review-required
lua/ace/shared/rounds/roundhe.lua,145,Round.endeffect,global,review-required,canonical helper candidate,function,shared-or-unknown,review-required
lua/ace/shared/rounds/roundhe.lua,156,Round.pierceeffect,global,review-required,canonical helper candidate,function,shared-or-unknown,review-required
lua/ace/shared/rounds/roundhe.lua,178,Round.ricocheteffect,global,review-required,canonical helper candidate,function,shared-or-unknown,review-required
lua/ace/shared/rounds/roundhe.lua,190,Round.guicreate,global,review-required,canonical helper candidate,function,shared-or-unknown,review-required
lua/ace/shared/rounds/roundhe.lua,217,Round.guiupdate,global,review-required,canonical helper candidate,function,shared-or-unknown,review-required
lua/ace/shared/rounds/roundheat.lua,16,Round.create,global,review-required,canonical helper candidate,function,shared-or-unknown,review-required
lua/ace/shared/rounds/roundheat.lua,22,Round.ConeCalc,global,review-required,canonical helper candidate,function,shared-or-unknown,review-required
lua/ace/shared/rounds/roundheat.lua,32,Round.convert,global,review-required,canonical helper candidate,function,shared-or-unknown,review-required
lua/ace/shared/rounds/roundheat.lua,129,Round.getDisplayData,global,review-required,canonical helper candidate,function,shared-or-unknown,review-required
lua/ace/shared/rounds/roundheat.lua,145,Round.network,global,review-required,canonical helper candidate,function,shared-or-unknown,review-required
lua/ace/shared/rounds/roundheat.lua,165,Round.cratetxt,global,review-required,canonical helper candidate,function,shared-or-unknown,review-required
lua/ace/shared/rounds/roundheat.lua,183,Round.detonate,global,review-required,canonical helper candidate,function,shared-or-unknown,review-required
lua/ace/shared/rounds/roundheat.lua,208,Round.propimpact,global,review-required,canonical helper candidate,function,shared-or-unknown,review-required
lua/ace/shared/rounds/roundheat.lua,265,Round.worldimpact,global,review-required,canonical helper candidate,function,shared-or-unknown,review-required
lua/ace/shared/rounds/roundheat.lua,284,Round.endflight,global,review-required,canonical helper candidate,function,shared-or-unknown,review-required
lua/ace/shared/rounds/roundheat.lua,294,Round.endeffect,global,review-required,canonical helper candidate,function,shared-or-unknown,review-required
lua/ace/shared/rounds/roundheat.lua,306,Round.pierceeffect,global,review-required,canonical helper candidate,function,shared-or-unknown,review-required
lua/ace/shared/rounds/roundheat.lua,336,Round.ricocheteffect,global,review-required,canonical helper candidate,function,shared-or-unknown,review-required
lua/ace/shared/rounds/roundheat.lua,348,Round.guicreate,global,review-required,canonical helper candidate,function,shared-or-unknown,review-required
lua/ace/shared/rounds/roundheat.lua,379,Round.guiupdate,global,review-required,canonical helper candidate,function,shared-or-unknown,review-required
lua/ace/shared/rounds/roundheatfs.lua,16,Round.create,global,review-required,canonical helper candidate,function,shared-or-unknown,review-required
lua/ace/shared/rounds/roundheatfs.lua,22,Round.ConeCalc,global,review-required,canonical helper candidate,function,shared-or-unknown,review-required
lua/ace/shared/rounds/roundheatfs.lua,32,Round.convert,global,review-required,canonical helper candidate,function,shared-or-unknown,review-required
lua/ace/shared/rounds/roundheatfs.lua,132,Round.getDisplayData,global,review-required,canonical helper candidate,function,shared-or-unknown,review-required
lua/ace/shared/rounds/roundheatfs.lua,147,Round.network,global,review-required,canonical helper candidate,function,shared-or-unknown,review-required
lua/ace/shared/rounds/roundheatfs.lua,168,Round.cratetxt,global,review-required,canonical helper candidate,function,shared-or-unknown,review-required
lua/ace/shared/rounds/roundheatfs.lua,187,Round.detonate,global,review-required,canonical helper candidate,function,shared-or-unknown,review-required
lua/ace/shared/rounds/roundheatfs.lua,212,Round.propimpact,global,review-required,canonical helper candidate,function,shared-or-unknown,review-required
lua/ace/shared/rounds/roundheatfs.lua,265,Round.worldimpact,global,review-required,canonical helper candidate,function,shared-or-unknown,review-required
lua/ace/shared/rounds/roundheatfs.lua,284,Round.endflight,global,review-required,canonical helper candidate,function,shared-or-unknown,review-required
lua/ace/shared/rounds/roundheatfs.lua,294,Round.endeffect,global,review-required,canonical helper candidate,function,shared-or-unknown,review-required
lua/ace/shared/rounds/roundheatfs.lua,306,Round.pierceeffect,global,review-required,canonical helper candidate,function,shared-or-unknown,review-required
lua/ace/shared/rounds/roundheatfs.lua,336,Round.ricocheteffect,global,review-required,canonical helper candidate,function,shared-or-unknown,review-required
lua/ace/shared/rounds/roundheatfs.lua,348,Round.guicreate,global,review-required,canonical helper candidate,function,shared-or-unknown,review-required
lua/ace/shared/rounds/roundheatfs.lua,378,Round.guiupdate,global,review-required,canonical helper candidate,function,shared-or-unknown,review-required
lua/ace/shared/rounds/roundhefs.lua,15,Round.create,global,review-required,canonical helper candidate,function,shared-or-unknown,review-required
lua/ace/shared/rounds/roundhefs.lua,21,Round.convert,global,review-required,canonical helper candidate,function,shared-or-unknown,review-required
lua/ace/shared/rounds/roundhefs.lua,76,Round.getDisplayData,global,review-required,canonical helper candidate,function,shared-or-unknown,review-required
lua/ace/shared/rounds/roundhefs.lua,88,Round.network,global,review-required,canonical helper candidate,function,shared-or-unknown,review-required
lua/ace/shared/rounds/roundhefs.lua,106,Round.cratetxt,global,review-required,canonical helper candidate,function,shared-or-unknown,review-required
lua/ace/shared/rounds/roundhefs.lua,122,Round.propimpact,global,review-required,canonical helper candidate,function,shared-or-unknown,review-required
lua/ace/shared/rounds/roundhefs.lua,136,Round.worldimpact,global,review-required,canonical helper candidate,function,shared-or-unknown,review-required
lua/ace/shared/rounds/roundhefs.lua,142,Round.endflight,global,review-required,canonical helper candidate,function,shared-or-unknown,review-required
lua/ace/shared/rounds/roundhefs.lua,149,Round.endeffect,global,review-required,canonical helper candidate,function,shared-or-unknown,review-required
lua/ace/shared/rounds/roundhefs.lua,160,Round.pierceeffect,global,review-required,canonical helper candidate,function,shared-or-unknown,review-required
lua/ace/shared/rounds/roundhefs.lua,182,Round.ricocheteffect,global,review-required,canonical helper candidate,function,shared-or-unknown,review-required
lua/ace/shared/rounds/roundhefs.lua,194,Round.guicreate,global,review-required,canonical helper candidate,function,shared-or-unknown,review-required
lua/ace/shared/rounds/roundhefs.lua,222,Round.guiupdate,global,review-required,canonical helper candidate,function,shared-or-unknown,review-required
lua/ace/shared/rounds/roundhesh.lua,15,Round.create,global,review-required,canonical helper candidate,function,shared-or-unknown,review-required
lua/ace/shared/rounds/roundhesh.lua,21,Round.convert,global,review-required,canonical helper candidate,function,shared-or-unknown,review-required
lua/ace/shared/rounds/roundhesh.lua,74,Round.getDisplayData,global,review-required,canonical helper candidate,function,shared-or-unknown,review-required
lua/ace/shared/rounds/roundhesh.lua,87,Round.network,global,review-required,canonical helper candidate,function,shared-or-unknown,review-required
lua/ace/shared/rounds/roundhesh.lua,105,Round.cratetxt,global,review-required,canonical helper candidate,function,shared-or-unknown,review-required
lua/ace/shared/rounds/roundhesh.lua,121,Round.propimpact,global,review-required,canonical helper candidate,function,shared-or-unknown,review-required
lua/ace/shared/rounds/roundhesh.lua,156,Round.worldimpact,global,review-required,canonical helper candidate,function,shared-or-unknown,review-required
lua/ace/shared/rounds/roundhesh.lua,162,Round.endflight,global,review-required,canonical helper candidate,function,shared-or-unknown,review-required
lua/ace/shared/rounds/roundhesh.lua,169,Round.endeffect,global,review-required,canonical helper candidate,function,shared-or-unknown,review-required
lua/ace/shared/rounds/roundhesh.lua,180,Round.pierceeffect,global,review-required,canonical helper candidate,function,shared-or-unknown,review-required
lua/ace/shared/rounds/roundhesh.lua,202,Round.ricocheteffect,global,review-required,canonical helper candidate,function,shared-or-unknown,review-required
lua/ace/shared/rounds/roundhesh.lua,214,Round.guicreate,global,review-required,canonical helper candidate,function,shared-or-unknown,review-required
lua/ace/shared/rounds/roundhesh.lua,241,Round.guiupdate,global,review-required,canonical helper candidate,function,shared-or-unknown,review-required
lua/ace/shared/rounds/roundhp.lua,16,Round.convert,global,review-required,canonical helper candidate,function,shared-or-unknown,review-required
lua/ace/shared/rounds/roundhp.lua,67,Round.getDisplayData,global,review-required,canonical helper candidate,function,shared-or-unknown,review-required
lua/ace/shared/rounds/roundhp.lua,77,Round.network,global,review-required,canonical helper candidate,function,shared-or-unknown,review-required
lua/ace/shared/rounds/roundhp.lua,95,Round.cratetxt,global,review-required,canonical helper candidate,function,shared-or-unknown,review-required
lua/ace/shared/rounds/roundhp.lua,111,Round.guicreate,global,review-required,canonical helper candidate,function,shared-or-unknown,review-required
lua/ace/shared/rounds/roundhp.lua,132,Round.guiupdate,global,review-required,canonical helper candidate,function,shared-or-unknown,review-required
lua/ace/shared/rounds/roundhvap.lua,15,Round.create,global,review-required,canonical helper candidate,function,shared-or-unknown,review-required
lua/ace/shared/rounds/roundhvap.lua,21,Round.convert,global,review-required,canonical helper candidate,function,shared-or-unknown,review-required
lua/ace/shared/rounds/roundhvap.lua,73,Round.getDisplayData,global,review-required,canonical helper candidate,function,shared-or-unknown,review-required
lua/ace/shared/rounds/roundhvap.lua,82,Round.network,global,review-required,canonical helper candidate,function,shared-or-unknown,review-required
lua/ace/shared/rounds/roundhvap.lua,100,Round.cratetxt,global,review-required,canonical helper candidate,function,shared-or-unknown,review-required
lua/ace/shared/rounds/roundhvap.lua,134,Round.propimpact,global,review-required,canonical helper candidate,function,shared-or-unknown,review-required
lua/ace/shared/rounds/roundhvap.lua,158,Round.worldimpact,global,review-required,canonical helper candidate,function,shared-or-unknown,review-required
lua/ace/shared/rounds/roundhvap.lua,172,Round.endflight,global,review-required,canonical helper candidate,function,shared-or-unknown,review-required
lua/ace/shared/rounds/roundhvap.lua,178,Round.endeffect,global,review-required,canonical helper candidate,function,shared-or-unknown,review-required
lua/ace/shared/rounds/roundhvap.lua,191,Round.pierceeffect,global,review-required,canonical helper candidate,function,shared-or-unknown,review-required
lua/ace/shared/rounds/roundhvap.lua,204,Round.ricocheteffect,global,review-required,canonical helper candidate,function,shared-or-unknown,review-required
lua/ace/shared/rounds/roundhvap.lua,217,Round.guicreate,global,review-required,canonical helper candidate,function,shared-or-unknown,review-required
lua/ace/shared/rounds/roundhvap.lua,237,Round.guiupdate,global,review-required,canonical helper candidate,function,shared-or-unknown,review-required
lua/ace/shared/rounds/roundrefill.lua,12,Round.convert,global,review-required,canonical helper candidate,function,shared-or-unknown,review-required
lua/ace/shared/rounds/roundrefill.lua,32,Round.getDisplayData,global,review-required,canonical helper candidate,function,shared-or-unknown,review-required
lua/ace/shared/rounds/roundrefill.lua,37,Round.network,global,review-required,canonical helper candidate,function,shared-or-unknown,review-required
lua/ace/shared/rounds/roundrefill.lua,52,Round.cratetxt,global,review-required,canonical helper candidate,function,shared-or-unknown,review-required
lua/ace/shared/rounds/roundrefill.lua,58,Round.guicreate,global,review-required,canonical helper candidate,function,shared-or-unknown,review-required
lua/ace/shared/rounds/roundrefill.lua,66,Round.guiupdate,global,review-required,canonical helper candidate,function,shared-or-unknown,review-required
lua/ace/shared/rounds/roundsmoke.lua,15,Round.create,global,review-required,canonical helper candidate,function,shared-or-unknown,review-required
lua/ace/shared/rounds/roundsmoke.lua,21,Round.convert,global,review-required,canonical helper candidate,function,shared-or-unknown,review-required
lua/ace/shared/rounds/roundsmoke.lua,93,Round.network,global,review-required,canonical helper candidate,function,shared-or-unknown,review-required
lua/ace/shared/rounds/roundsmoke.lua,111,Round.getDisplayData,global,review-required,canonical helper candidate,function,shared-or-unknown,review-required
lua/ace/shared/rounds/roundsmoke.lua,129,Round.cratetxt,global,review-required,canonical helper candidate,function,shared-or-unknown,review-required
lua/ace/shared/rounds/roundsmoke.lua,173,Round.propimpact,global,review-required,canonical helper candidate,function,shared-or-unknown,review-required
lua/ace/shared/rounds/roundsmoke.lua,187,Round.worldimpact,global,review-required,canonical helper candidate,function,shared-or-unknown,review-required
lua/ace/shared/rounds/roundsmoke.lua,193,Round.endflight,global,review-required,canonical helper candidate,function,shared-or-unknown,review-required
lua/ace/shared/rounds/roundsmoke.lua,200,Round.endeffect,global,review-required,canonical helper candidate,function,shared-or-unknown,review-required
lua/ace/shared/rounds/roundsmoke.lua,216,Round.pierceeffect,global,review-required,canonical helper candidate,function,shared-or-unknown,review-required
lua/ace/shared/rounds/roundsmoke.lua,238,Round.ricocheteffect,global,review-required,canonical helper candidate,function,shared-or-unknown,review-required
lua/ace/shared/rounds/roundsmoke.lua,250,Round.guicreate,global,review-required,canonical helper candidate,function,shared-or-unknown,review-required
lua/ace/shared/rounds/roundsmoke.lua,279,Round.guiupdate,global,review-required,canonical helper candidate,function,shared-or-unknown,review-required
lua/ace/shared/rounds/roundtheat.lua,15,Round.create,global,review-required,canonical helper candidate,function,shared-or-unknown,review-required
lua/ace/shared/rounds/roundtheat.lua,21,Round.ConeCalc,global,review-required,canonical helper candidate,function,shared-or-unknown,review-required
lua/ace/shared/rounds/roundtheat.lua,31,Round.convert,global,review-required,canonical helper candidate,function,shared-or-unknown,review-required
lua/ace/shared/rounds/roundtheat.lua,155,Round.getDisplayData,global,review-required,canonical helper candidate,function,shared-or-unknown,review-required
lua/ace/shared/rounds/roundtheat.lua,172,Round.network,global,review-required,canonical helper candidate,function,shared-or-unknown,review-required
lua/ace/shared/rounds/roundtheat.lua,195,Round.cratetxt,global,review-required,canonical helper candidate,function,shared-or-unknown,review-required
lua/ace/shared/rounds/roundtheat.lua,212,Round.detonate,global,review-required,canonical helper candidate,function,shared-or-unknown,review-required
lua/ace/shared/rounds/roundtheat.lua,275,Round.propimpact,global,review-required,canonical helper candidate,function,shared-or-unknown,review-required
lua/ace/shared/rounds/roundtheat.lua,353,Round.worldimpact,global,review-required,canonical helper candidate,function,shared-or-unknown,review-required
lua/ace/shared/rounds/roundtheat.lua,371,Round.endflight,global,review-required,canonical helper candidate,function,shared-or-unknown,review-required
lua/ace/shared/rounds/roundtheat.lua,386,Round.endeffect,global,review-required,canonical helper candidate,function,shared-or-unknown,review-required
lua/ace/shared/rounds/roundtheat.lua,398,Round.pierceeffect,global,review-required,canonical helper candidate,function,shared-or-unknown,review-required
lua/ace/shared/rounds/roundtheat.lua,427,Round.ricocheteffect,global,review-required,canonical helper candidate,function,shared-or-unknown,review-required
lua/ace/shared/rounds/roundtheat.lua,439,Round.guicreate,global,review-required,canonical helper candidate,function,shared-or-unknown,review-required
lua/ace/shared/rounds/roundtheat.lua,473,Round.guiupdate,global,review-required,canonical helper candidate,function,shared-or-unknown,review-required
lua/ace/shared/rounds/roundtheatfs.lua,15,Round.create,global,review-required,canonical helper candidate,function,shared-or-unknown,review-required
lua/ace/shared/rounds/roundtheatfs.lua,21,Round.ConeCalc,global,review-required,canonical helper candidate,function,shared-or-unknown,review-required
lua/ace/shared/rounds/roundtheatfs.lua,31,Round.convert,global,review-required,canonical helper candidate,function,shared-or-unknown,review-required
lua/ace/shared/rounds/roundtheatfs.lua,142,Round.getDisplayData,global,review-required,canonical helper candidate,function,shared-or-unknown,review-required
lua/ace/shared/rounds/roundtheatfs.lua,158,Round.network,global,review-required,canonical helper candidate,function,shared-or-unknown,review-required
lua/ace/shared/rounds/roundtheatfs.lua,181,Round.cratetxt,global,review-required,canonical helper candidate,function,shared-or-unknown,review-required
lua/ace/shared/rounds/roundtheatfs.lua,198,Round.detonate,global,review-required,canonical helper candidate,function,shared-or-unknown,review-required
lua/ace/shared/rounds/roundtheatfs.lua,253,Round.propimpact,global,review-required,canonical helper candidate,function,shared-or-unknown,review-required
lua/ace/shared/rounds/roundtheatfs.lua,316,Round.worldimpact,global,review-required,canonical helper candidate,function,shared-or-unknown,review-required
lua/ace/shared/rounds/roundtheatfs.lua,335,Round.endflight,global,review-required,canonical helper candidate,function,shared-or-unknown,review-required
lua/ace/shared/rounds/roundtheatfs.lua,341,Round.endeffect,global,review-required,canonical helper candidate,function,shared-or-unknown,review-required
lua/ace/shared/rounds/roundtheatfs.lua,353,Round.pierceeffect,global,review-required,canonical helper candidate,function,shared-or-unknown,review-required
lua/ace/shared/rounds/roundtheatfs.lua,381,Round.ricocheteffect,global,review-required,canonical helper candidate,function,shared-or-unknown,review-required
lua/ace/shared/rounds/roundtheatfs.lua,393,Round.guicreate,global,review-required,canonical helper candidate,function,shared-or-unknown,review-required
lua/ace/shared/rounds/roundtheatfs.lua,426,Round.guiupdate,global,review-required,canonical helper candidate,function,shared-or-unknown,review-required
lua/ace/shared/sh_ace_concommands.lua,5,,anonymous,review-required,canonical helper candidate,anonymous-function,shared-or-unknown,review-required
lua/ace/shared/sh_ace_concommands.lua,19,,anonymous,review-required,canonical helper candidate,anonymous-function,shared-or-unknown,review-required
lua/ace/shared/sh_ace_concommands.lua,33,,anonymous,review-required,canonical helper candidate,anonymous-function,shared-or-unknown,review-required
lua/ace/shared/sh_ace_entity_state.lua,2,ACE.GetEntityState,global,ACE.table,ACE.table,function,shared-or-unknown,inventory-confirmed
lua/ace/shared/sh_ace_entity_state.lua,24,ACE.SetEntityState,global,ACE.table,ACE.table,function,shared-or-unknown,inventory-confirmed
lua/ace/shared/sh_ace_functions.lua,11,ACE.GetPhysicalParent,global,ACE.table,ACE.table,function,shared-or-unknown,inventory-confirmed
lua/ace/shared/sh_ace_functions.lua,33,ACE.CalcCurve,global,ACE.table,ACE.table,function,shared-or-unknown,inventory-confirmed
lua/ace/shared/sh_ace_functions.lua,59,ACE.CalcEnginePerformanceData,global,ACE.table,ACE.table,function,shared-or-unknown,inventory-confirmed
lua/ace/shared/sh_ace_functions.lua,113,ACE.InDist,global,ACE.table,ACE.table,function,shared-or-unknown,inventory-confirmed
lua/ace/shared/sh_ace_functions.lua,118,ACE.GetMaterialName,global,ACE.table,ACE.table,function,shared-or-unknown,inventory-confirmed
lua/ace/shared/sh_ace_functions.lua,175,ACE.CalcArmor,global,ACE.table,ACE.table,function,shared-or-unknown,inventory-confirmed
lua/ace/shared/sh_ace_functions.lua,182,ACE.MuzzleVelocity,global,ACE.table,ACE.table,function,shared-or-unknown,inventory-confirmed
lua/ace/shared/sh_ace_functions.lua,191,ACE.Kinetic,global,ACE.table,ACE.table,function,shared-or-unknown,inventory-confirmed
lua/ace/shared/sh_ace_functions.lua,206,ACE.CalcPenetration,global,ACE.table,ACE.table,function,shared-or-unknown,inventory-confirmed
lua/ace/shared/sh_ace_functions.lua,237,ACE.CalcMassRatio,global,ACE.table,ACE.table,function,shared-or-unknown,inventory-confirmed
lua/ace/shared/sh_ace_functions.lua,342,ACE.UpdateChecking,global,ACE.table,ACE.table,function,shared-or-unknown,inventory-confirmed
lua/ace/shared/sh_ace_functions.lua,345,,anonymous,review-required,canonical helper candidate,anonymous-function,shared-or-unknown,review-required
lua/ace/shared/sh_ace_functions.lua,381,,anonymous,review-required,canonical helper candidate,anonymous-function,shared-or-unknown,review-required
lua/ace/shared/sh_ace_functions.lua,412,,anonymous,review-required,canonical helper candidate,anonymous-function,shared-or-unknown,review-required
lua/ace/shared/sh_ace_functions.lua,426,ACE.Dupes_Refresh,global,ACE.table,ACE.table,function,shared-or-unknown,inventory-confirmed
lua/ace/shared/sh_ace_functions.lua,479,,anonymous,review-required,canonical helper candidate,anonymous-function,shared-or-unknown,review-required
lua/ace/shared/sh_ace_functions.lua,491,,anonymous,review-required,canonical helper candidate,anonymous-function,shared-or-unknown,review-required
lua/ace/shared/sh_ace_functions.lua,508,ACE.GetMaterialData,global,ACE.table,ACE.table,function,shared-or-unknown,inventory-confirmed
lua/ace/shared/sh_ace_functions.lua,527,ACE.CheckMaterial,global,ACE.table,ACE.table,function,shared-or-unknown,inventory-confirmed
lua/ace/shared/sh_ace_functions.lua,538,ACE.CheckRound,global,ACE.table,ACE.table,function,shared-or-unknown,inventory-confirmed
lua/ace/shared/sh_ace_functions.lua,547,ACE.CheckGun,global,ACE.table,ACE.table,function,shared-or-unknown,inventory-confirmed
lua/ace/shared/sh_ace_functions.lua,556,ACE.CheckRack,global,ACE.table,ACE.table,function,shared-or-unknown,inventory-confirmed
lua/ace/shared/sh_ace_functions.lua,565,ACE.CheckAmmo,global,ACE.table,ACE.table,function,shared-or-unknown,inventory-confirmed
lua/ace/shared/sh_ace_functions.lua,574,ACE.CheckEngine,global,ACE.table,ACE.table,function,shared-or-unknown,inventory-confirmed
lua/ace/shared/sh_ace_functions.lua,583,ACE.CheckGearbox,global,ACE.table,ACE.table,function,shared-or-unknown,inventory-confirmed
lua/ace/shared/sh_ace_functions.lua,592,ACE.CheckFuelTank,global,ACE.table,ACE.table,function,shared-or-unknown,inventory-confirmed
lua/ace/shared/sh_ace_functions.lua,603,ACE.SendMsg,global,ACE.table,ACE.table,function,shared-or-unknown,inventory-confirmed
lua/ace/shared/sh_ace_functions.lua,609,ACE.SendNotification,global,ACE.table,ACE.table,function,shared-or-unknown,inventory-confirmed
lua/ace/shared/sh_ace_functions.lua,617,ACE.BroadcastMsg,global,ACE.table,ACE.table,function,shared-or-unknown,inventory-confirmed
lua/ace/shared/sh_ace_functions.lua,625,,anonymous,review-required,canonical helper candidate,anonymous-function,shared-or-unknown,review-required
lua/ace/shared/sh_ace_functions.lua,646,ACE.table_contains,global,ACE.table,ACE.table,function,shared-or-unknown,inventory-confirmed
lua/ace/shared/sh_ace_functions.lua,686,GetDefaultActiveInput,local,review-required,canonical helper candidate,function,shared-or-unknown,review-required
lua/ace/shared/sh_ace_functions.lua,700,ACE.SetDefaultActiveInputState,global,ACE.table,ACE.table,function,shared-or-unknown,inventory-confirmed
lua/ace/shared/sh_ace_functions.lua,713,ACE.HasDefaultActiveInputState,global,ACE.table,ACE.table,function,shared-or-unknown,inventory-confirmed
lua/ace/shared/sh_ace_functions.lua,722,ACE.IsDefaultActiveInputWired,global,ACE.table,ACE.table,function,shared-or-unknown,inventory-confirmed
lua/ace/shared/sh_ace_functions.lua,728,ACE.GetDefaultActiveInputState,global,ACE.table,ACE.table,function,shared-or-unknown,inventory-confirmed
lua/ace/shared/sh_ace_functions.lua,749,ACE.GetContraptionIndex,global,ACE.table,ACE.table,function,shared-or-unknown,inventory-confirmed
lua/ace/shared/sh_ace_functions.lua,771,ACE.ClearContraptionIndex,global,ACE.table,ACE.table,function,shared-or-unknown,inventory-confirmed
lua/ace/shared/sh_ace_functions.lua,783,ACE.GetBinaryInsertIndex,global,ACE.table,ACE.table,function,shared-or-unknown,inventory-confirmed
lua/ace/shared/sh_ace_functions.lua,813,ACE.AssignMissileUniqueID,global,ACE.table,ACE.table,function,shared-or-unknown,inventory-confirmed
lua/ace/shared/sh_ace_functions.lua,824,ACE.ConVarHelp,global,ACE.table,ACE.table,function,shared-or-unknown,inventory-confirmed
lua/ace/shared/sh_ace_functions.lua,833,ACE.IsEnt,global,ACE.table,ACE.table,function,shared-or-unknown,inventory-confirmed
lua/ace/shared/sh_ace_functions.lua,838,ACE.IsWireEntity,global,ACE.table,ACE.table,function,shared-or-unknown,inventory-confirmed
lua/ace/shared/sh_ace_functions.lua,847,ACE.IsMissileEntity,global,ACE.table,ACE.table,function,shared-or-unknown,inventory-confirmed
lua/ace/shared/sh_ace_functions.lua,908,ACE.GetPtsType,global,ACE.table,ACE.table,function,shared-or-unknown,inventory-confirmed
lua/ace/shared/sh_ace_functions.lua,914,ACE.GetSurvivabilityIndex,global,ACE.table,ACE.table,function,shared-or-unknown,inventory-confirmed
lua/ace/shared/sh_ace_functions.lua,923,ACE.GetArmorPoints,global,ACE.table,ACE.table,function,shared-or-unknown,inventory-confirmed
lua/ace/shared/sh_ace_functions.lua,960,ACE.GetCrewSeatPointCost,global,ACE.table,ACE.table,function,shared-or-unknown,inventory-confirmed
lua/ace/shared/sh_ace_functions.lua,965,ACE.ClearArmorPointCache,global,ACE.table,ACE.table,function,shared-or-unknown,inventory-confirmed
lua/ace/shared/sh_ace_functions.lua,973,,anonymous,review-required,canonical helper candidate,anonymous-function,shared-or-unknown,review-required
lua/ace/shared/sh_ace_functions.lua,976,ACE.GetConfigurableName,global,ACE.table,ACE.table,function,shared-or-unknown,inventory-confirmed
lua/ace/shared/sh_ace_functions.lua,987,ACE.GetAmmoGunClass,global,ACE.table,ACE.table,function,shared-or-unknown,inventory-confirmed
lua/ace/shared/sh_ace_functions.lua,998,ACE.IsGLATGMAmmoType,global,ACE.table,ACE.table,function,shared-or-unknown,inventory-confirmed
lua/ace/shared/sh_ace_functions.lua,1003,ACE.ResolveAmmoType,global,ACE.table,ACE.table,function,shared-or-unknown,inventory-confirmed
lua/ace/shared/sh_ace_functions.lua,1023,ACE.GetMissileWarheadType,global,ACE.table,ACE.table,function,shared-or-unknown,inventory-confirmed
lua/ace/shared/sh_ace_functions.lua,1030,ACE.GetAmmoCookoffClass,global,ACE.table,ACE.table,function,shared-or-unknown,inventory-confirmed
lua/ace/shared/sh_ace_functions.lua,1036,ACE.GetAmmoCookoffBlastMass,global,ACE.table,ACE.table,function,shared-or-unknown,inventory-confirmed
lua/ace/shared/sh_ace_functions.lua,1049,ACE.GetAmmoCookoffAmmoCount,global,ACE.table,ACE.table,function,shared-or-unknown,inventory-confirmed
lua/ace/shared/sh_ace_functions.lua,1061,ACE.GetAmmoCookoffPropScale,global,ACE.table,ACE.table,function,shared-or-unknown,inventory-confirmed
lua/ace/shared/sh_ace_functions.lua,1068,ACE.GetAmmoCookoffStorageScale,global,ACE.table,ACE.table,function,shared-or-unknown,inventory-confirmed
lua/ace/shared/sh_ace_functions.lua,1077,ACE.IsAmmoMissileType,global,ACE.table,ACE.table,function,shared-or-unknown,inventory-confirmed
lua/ace/shared/sh_ace_functions.lua,1091,ACE.GetGunConfiguredRps,global,ACE.table,ACE.table,function,shared-or-unknown,inventory-confirmed
lua/ace/shared/sh_ace_functions.lua,1142,ACE.GetRackConfiguredReloadTime,global,ACE.table,ACE.table,function,shared-or-unknown,inventory-confirmed
lua/ace/shared/sh_ace_functions.lua,1156,resolveGunPricingCandidate,local,review-required,canonical helper candidate,function,shared-or-unknown,review-required
lua/ace/shared/sh_ace_functions.lua,1162,consider,local,review-required,canonical helper candidate,function,shared-or-unknown,review-required
lua/ace/shared/sh_ace_functions.lua,1185,resolveRackPricingCandidate,local,review-required,canonical helper candidate,function,shared-or-unknown,review-required
lua/ace/shared/sh_ace_functions.lua,1213,resolveWeaponPricingInputs,local,review-required,canonical helper candidate,function,shared-or-unknown,review-required
lua/ace/shared/sh_ace_functions.lua,1258,ACE.GetGunFirepowerPointsFor,global,ACE.table,ACE.table,function,shared-or-unknown,inventory-confirmed
lua/ace/shared/sh_ace_functions.lua,1263,ACE.GetGunFirepowerPoints,global,ACE.table,ACE.table,function,shared-or-unknown,inventory-confirmed
lua/ace/shared/sh_ace_functions.lua,1267,ACE.GetGunFirepowerReadout,global,ACE.table,ACE.table,function,shared-or-unknown,inventory-confirmed
lua/ace/shared/sh_ace_functions.lua,1271,ACE.GetGunFirepowerPricingLine,global,ACE.table,ACE.table,function,shared-or-unknown,inventory-confirmed
lua/ace/shared/sh_ace_functions.lua,1291,ACE.GetRateFloorLine,global,ACE.table,ACE.table,function,shared-or-unknown,inventory-confirmed
lua/ace/shared/sh_ace_functions.lua,1306,ACE.GetRoundLethalityLine,global,ACE.table,ACE.table,function,shared-or-unknown,inventory-confirmed
lua/ace/shared/sh_ace_functions.lua,1339,ACE.GetAmmoBlastMass,global,ACE.table,ACE.table,function,shared-or-unknown,inventory-confirmed
lua/ace/shared/sh_ace_functions.lua,1345,ACE.GetAmmoMaxPen,global,ACE.table,ACE.table,function,shared-or-unknown,inventory-confirmed
lua/ace/shared/sh_ace_functions.lua,1373,ACE.GetWeaponAnchorContraption,global,ACE.table,ACE.table,function,shared-or-unknown,inventory-confirmed
lua/ace/shared/sh_ace_functions.lua,1398,ACE.GetContraptionEntities,global,ACE.table,ACE.table,function,shared-or-unknown,inventory-confirmed
lua/ace/shared/sh_ace_functions.lua,1409,add,local,review-required,canonical helper candidate,function,shared-or-unknown,review-required
lua/ace/shared/sh_ace_functions.lua,1442,,anonymous,review-required,canonical helper candidate,anonymous-function,shared-or-unknown,review-required
lua/ace/shared/sh_ace_functions.lua,1448,ACE.GetContraptionFromEntity,global,ACE.table,ACE.table,function,shared-or-unknown,inventory-confirmed
lua/ace/shared/sh_ace_functions.lua,1460,ACE.GetContraptionOwner,global,ACE.table,ACE.table,function,shared-or-unknown,inventory-confirmed
lua/ace/shared/sh_ace_functions.lua,1469,ACE.GetOwnerName,global,ACE.table,ACE.table,function,shared-or-unknown,inventory-confirmed
lua/ace/shared/sh_ace_functions.lua,1474,ACE.GetEntPoints,global,ACE.table,ACE.table,function,shared-or-unknown,inventory-confirmed
lua/ace/shared/sh_ace_functions.lua,1509,ACE.ScreenShake,global,ACE.table,ACE.table,function,shared-or-unknown,inventory-confirmed
lua/ace/shared/sh_ace_loader.lua,99,gun_base.guicreate,global,review-required,canonical helper candidate,function-assignment,shared-or-unknown,review-required
lua/ace/shared/sh_ace_loader.lua,100,gun_base.guiupdate,global,review-required,canonical helper candidate,function-assignment,shared-or-unknown,review-required
lua/ace/shared/sh_ace_loader.lua,101,engine_base.guicreate,global,review-required,canonical helper candidate,function-assignment,shared-or-unknown,review-required
lua/ace/shared/sh_ace_loader.lua,103,gearbox_base.guicreate,global,review-required,canonical helper candidate,function-assignment,shared-or-unknown,review-required
lua/ace/shared/sh_ace_loader.lua,105,gearbox_base.guiupdate,global,review-required,canonical helper candidate,function-assignment,shared-or-unknown,review-required
lua/ace/shared/sh_ace_loader.lua,106,fueltank_base.guicreate,global,review-required,canonical helper candidate,function-assignment,shared-or-unknown,review-required
lua/ace/shared/sh_ace_loader.lua,108,fueltank_base.guiupdate,global,review-required,canonical helper candidate,function-assignment,shared-or-unknown,review-required
lua/ace/shared/sh_ace_loader.lua,109,radar_base.guicreate,global,review-required,canonical helper candidate,function-assignment,shared-or-unknown,review-required
lua/ace/shared/sh_ace_loader.lua,111,radar_base.guiupdate,global,review-required,canonical helper candidate,function-assignment,shared-or-unknown,review-required
lua/ace/shared/sh_ace_loader.lua,112,trackradar_base.guicreate,global,review-required,canonical helper candidate,function-assignment,shared-or-unknown,review-required
lua/ace/shared/sh_ace_loader.lua,114,trackradar_base.guiupdate,global,review-required,canonical helper candidate,function-assignment,shared-or-unknown,review-required
lua/ace/shared/sh_ace_loader.lua,115,sonar_base.guicreate,global,review-required,canonical helper candidate,function-assignment,shared-or-unknown,review-required
lua/ace/shared/sh_ace_loader.lua,117,sonar_base.guiupdate,global,review-required,canonical helper candidate,function-assignment,shared-or-unknown,review-required
lua/ace/shared/sh_ace_loader.lua,118,irst_base.guicreate,global,review-required,canonical helper candidate,function-assignment,shared-or-unknown,review-required
lua/ace/shared/sh_ace_loader.lua,120,irst_base.guiupdate,global,review-required,canonical helper candidate,function-assignment,shared-or-unknown,review-required
lua/ace/shared/sh_ace_loader.lua,121,vheat_source_base.guicreate,global,review-required,canonical helper candidate,function-assignment,shared-or-unknown,review-required
lua/ace/shared/sh_ace_loader.lua,123,vheat_source_base.guiupdate,global,review-required,canonical helper candidate,function-assignment,shared-or-unknown,review-required
lua/ace/shared/sh_ace_loader.lua,124,crewseat_base.guicreate,global,review-required,canonical helper candidate,function-assignment,shared-or-unknown,review-required
lua/ace/shared/sh_ace_loader.lua,126,crewseat_base.guiupdate,global,review-required,canonical helper candidate,function-assignment,shared-or-unknown,review-required
lua/ace/shared/sh_ace_loader.lua,127,extras_base.guicreate,global,review-required,canonical helper candidate,function-assignment,shared-or-unknown,review-required
lua/ace/shared/sh_ace_loader.lua,129,extras_base.guiupdate,global,review-required,canonical helper candidate,function-assignment,shared-or-unknown,review-required
lua/ace/shared/sh_ace_loader.lua,130,explosive_base.guicreate,global,review-required,canonical helper candidate,function-assignment,shared-or-unknown,review-required
lua/ace/shared/sh_ace_loader.lua,132,explosive_base.guiupdate,global,review-required,canonical helper candidate,function-assignment,shared-or-unknown,review-required
lua/ace/shared/sh_ace_loader.lua,134,ACE.DefineGunClass,global,ACE.table,ACE.table,function,shared-or-unknown,inventory-confirmed
lua/ace/shared/sh_ace_loader.lua,145,ACE.DefineCrewseat,global,ACE.table,ACE.table,function,shared-or-unknown,inventory-confirmed
lua/ace/shared/sh_ace_loader.lua,152,ACE.DefineExtras,global,ACE.table,ACE.table,function,shared-or-unknown,inventory-confirmed
lua/ace/shared/sh_ace_loader.lua,159,ACE.DefineEntity,global,ACE.table,ACE.table,function,shared-or-unknown,inventory-confirmed
lua/ace/shared/sh_ace_loader.lua,168,ACE.DefineGun,global,ACE.table,ACE.table,function,shared-or-unknown,inventory-confirmed
lua/ace/shared/sh_ace_loader.lua,178,ACE.DefineMuzzleFlash,global,ACE.table,ACE.table,function,shared-or-unknown,inventory-confirmed
lua/ace/shared/sh_ace_loader.lua,184,ACE.DefineAmmoCrate,global,ACE.table,ACE.table,function,shared-or-unknown,inventory-confirmed
lua/ace/shared/sh_ace_loader.lua,201,ACE.DefineLegacyAmmoCrate,global,ACE.table,ACE.table,function,shared-or-unknown,inventory-confirmed
lua/ace/shared/sh_ace_loader.lua,207,ACE.DefineRack,global,ACE.table,ACE.table,function,shared-or-unknown,inventory-confirmed
lua/ace/shared/sh_ace_loader.lua,214,ACE.DefineRackClass,global,ACE.table,ACE.table,function,shared-or-unknown,inventory-confirmed
lua/ace/shared/sh_ace_loader.lua,220,ACE.DefineEngine,global,ACE.table,ACE.table,function,shared-or-unknown,inventory-confirmed
lua/ace/shared/sh_ace_loader.lua,239,ACE.DefineGearbox,global,ACE.table,ACE.table,function,shared-or-unknown,inventory-confirmed
lua/ace/shared/sh_ace_loader.lua,247,ACE.DefineFuelTank,global,ACE.table,ACE.table,function,shared-or-unknown,inventory-confirmed
lua/ace/shared/sh_ace_loader.lua,255,ACE.DefineFuelTankSize,global,ACE.table,ACE.table,function,shared-or-unknown,inventory-confirmed
lua/ace/shared/sh_ace_loader.lua,262,ACE.DefineRadar,global,ACE.table,ACE.table,function,shared-or-unknown,inventory-confirmed
lua/ace/shared/sh_ace_loader.lua,269,ACE.DefineExplosive,global,ACE.table,ACE.table,function,shared-or-unknown,inventory-confirmed
lua/ace/shared/sh_ace_loader.lua,276,ACE.DefineRadarClass,global,ACE.table,ACE.table,function,shared-or-unknown,inventory-confirmed
lua/ace/shared/sh_ace_loader.lua,282,ACE.DefineTrackRadar,global,ACE.table,ACE.table,function,shared-or-unknown,inventory-confirmed
lua/ace/shared/sh_ace_loader.lua,290,ACE.DefineTrackRadarClass,global,ACE.table,ACE.table,function,shared-or-unknown,inventory-confirmed
lua/ace/shared/sh_ace_loader.lua,296,ACE.DefineSonarClass,global,ACE.table,ACE.table,function,shared-or-unknown,inventory-confirmed
lua/ace/shared/sh_ace_loader.lua,302,ACE.DefineSonar,global,ACE.table,ACE.table,function,shared-or-unknown,inventory-confirmed
lua/ace/shared/sh_ace_loader.lua,309,ACE.DefineIRST,global,ACE.table,ACE.table,function,shared-or-unknown,inventory-confirmed
lua/ace/shared/sh_ace_loader.lua,316,ACE.DefineIRSTClass,global,ACE.table,ACE.table,function,shared-or-unknown,inventory-confirmed
lua/ace/shared/sh_ace_loader.lua,322,ACE.DefineVHeatSource,global,ACE.table,ACE.table,function,shared-or-unknown,inventory-confirmed
lua/ace/shared/sh_ace_loader.lua,329,ACE.DefineGunFireSound,global,ACE.table,ACE.table,function,shared-or-unknown,inventory-confirmed
lua/ace/shared/sh_ace_loader.lua,335,ACE.DefineModelData,global,ACE.table,ACE.table,function,shared-or-unknown,inventory-confirmed
lua/ace/shared/sh_ace_loader.lua,342,ACE.DefineMine,global,ACE.table,ACE.table,function,shared-or-unknown,inventory-confirmed
lua/ace/shared/sh_ace_loader.lua,348,GetAllInTableExcept,local,review-required,canonical helper candidate,function,shared-or-unknown,review-required
lua/ace/shared/sh_ace_loader.lua,364,ACE.GetAllGuidanceNames,global,ACE.table,ACE.table,function,shared-or-unknown,inventory-confirmed
lua/ace/shared/sh_ace_loader.lua,373,ACE.GetAllGuidanceNamesExcept,global,ACE.table,ACE.table,function,shared-or-unknown,inventory-confirmed
lua/ace/shared/sh_ace_loader.lua,377,ACE.GetAllFuseNames,global,ACE.table,ACE.table,function,shared-or-unknown,inventory-confirmed
lua/ace/shared/sh_ace_loader.lua,387,ACE.GetAllFuseNamesExcept,global,ACE.table,ACE.table,function,shared-or-unknown,inventory-confirmed
lua/ace/shared/sh_ace_manufacturing.lua,74,ACE.Manufacturing.RoundCost,global,ACE.table,ACE.table,function,shared-or-unknown,inventory-confirmed
lua/ace/shared/sh_ace_manufacturing.lua,95,ACE.Manufacturing.GunCost,global,ACE.table,ACE.table,function,shared-or-unknown,inventory-confirmed
lua/ace/shared/sh_ace_manufacturing.lua,103,ACE.Manufacturing.RackCost,global,ACE.table,ACE.table,function,shared-or-unknown,inventory-confirmed
lua/ace/shared/sh_ace_manufacturing.lua,110,ACE.Manufacturing.ArmorCost,global,ACE.table,ACE.table,function,shared-or-unknown,inventory-confirmed
lua/ace/shared/sh_ace_manufacturing.lua,116,ACE.Manufacturing.EngineCost,global,ACE.table,ACE.table,function,shared-or-unknown,inventory-confirmed
lua/ace/shared/sh_ace_manufacturing.lua,122,ACE.Manufacturing.ElectronicsCost,global,ACE.table,ACE.table,function,shared-or-unknown,inventory-confirmed
lua/ace/shared/sh_ace_manufacturing.lua,126,ACE.Manufacturing.CrewCost,global,ACE.table,ACE.table,function,shared-or-unknown,inventory-confirmed
lua/ace/shared/sh_ace_manufacturing.lua,130,ACE.Manufacturing.RefillCost,global,ACE.table,ACE.table,function,shared-or-unknown,inventory-confirmed
lua/ace/shared/sh_ace_manufacturing.lua,134,manuCrateCost,local,review-required,canonical helper candidate,function,shared-or-unknown,review-required
lua/ace/shared/sh_ace_manufacturing.lua,158,ACE.Manufacturing.EntCost,global,ACE.table,ACE.table,function,shared-or-unknown,inventory-confirmed
lua/ace/shared/sh_ace_manufacturing.lua,206,ACE.Manufacturing.ContraptionCost,global,ACE.table,ACE.table,function,shared-or-unknown,inventory-confirmed
lua/ace/shared/sh_ace_missiletrace.lua,3,,anonymous,review-required,canonical helper candidate,anonymous-function,shared-or-unknown,review-required
lua/ace/shared/sh_ace_points_model.lua,78,hasHEPayload,local,review-required,canonical helper candidate,function,shared-or-unknown,review-required
lua/ace/shared/sh_ace_points_model.lua,105,ACE.Points.PostPenParts,global,ACE.table,ACE.table,function,shared-or-unknown,inventory-confirmed
lua/ace/shared/sh_ace_points_model.lua,130,ACE.Points.PostPenMult,global,ACE.table,ACE.table,function,shared-or-unknown,inventory-confirmed
lua/ace/shared/sh_ace_points_model.lua,136,ACE.Points.LethalityPen,global,ACE.table,ACE.table,function,shared-or-unknown,inventory-confirmed
lua/ace/shared/sh_ace_points_model.lua,148,ACE.Points.GuidanceMul,global,ACE.table,ACE.table,function,shared-or-unknown,inventory-confirmed
lua/ace/shared/sh_ace_points_model.lua,158,ACE.Points.IntrinsicValueMul,global,ACE.table,ACE.table,function,shared-or-unknown,inventory-confirmed
lua/ace/shared/sh_ace_points_model.lua,164,ACE.Points.BaseRoundCost,global,ACE.table,ACE.table,function,shared-or-unknown,inventory-confirmed
lua/ace/shared/sh_ace_points_model.lua,172,ACE.Points.Gate,global,ACE.table,ACE.table,function,shared-or-unknown,inventory-confirmed
lua/ace/shared/sh_ace_points_model.lua,179,ACE.Points.GatePen,global,ACE.table,ACE.table,function,shared-or-unknown,inventory-confirmed
lua/ace/shared/sh_ace_points_model.lua,196,ACE.Points.RoundScore,global,ACE.table,ACE.table,function,shared-or-unknown,inventory-confirmed
lua/ace/shared/sh_ace_points_model.lua,201,ACE.Points.IsBetterCandidate,global,ACE.table,ACE.table,function,shared-or-unknown,inventory-confirmed
lua/ace/shared/sh_ace_points_model.lua,209,ACE.Points.SustainedRps,global,ACE.table,ACE.table,function,shared-or-unknown,inventory-confirmed
lua/ace/shared/sh_ace_points_model.lua,228,ACE.Points.GunCost,global,ACE.table,ACE.table,function,shared-or-unknown,inventory-confirmed
lua/ace/shared/sh_ace_points_model.lua,238,ACE.Points.RackRate,global,ACE.table,ACE.table,function,shared-or-unknown,inventory-confirmed
lua/ace/shared/sh_ace_points_model.lua,246,ACE.Points.RackCostFromRate,global,ACE.table,ACE.table,function,shared-or-unknown,inventory-confirmed
lua/ace/shared/sh_ace_points_model.lua,252,ACE.Points.RateFloor,global,ACE.table,ACE.table,function,shared-or-unknown,inventory-confirmed
lua/ace/shared/sh_ace_points_model.lua,258,ACE.Points.RackCost,global,ACE.table,ACE.table,function,shared-or-unknown,inventory-confirmed
lua/ace/shared/sh_ace_points_model.lua,263,ACE.Points.ChargeCost,global,ACE.table,ACE.table,function,shared-or-unknown,inventory-confirmed
lua/ace/shared/sh_ace_points_model.lua,271,ACE.Points.EffectiveMm,global,ACE.table,ACE.table,function,shared-or-unknown,inventory-confirmed
lua/ace/shared/sh_ace_points_model.lua,275,ACE.Points.ArmorProp,global,ACE.table,ACE.table,function,shared-or-unknown,inventory-confirmed
lua/ace/shared/sh_ace_points_model.lua,283,ACE.Points.EngineCost,global,ACE.table,ACE.table,function,shared-or-unknown,inventory-confirmed
lua/ace/shared/sh_ace_points_model.lua,288,ACE.Points.CrewCost,global,ACE.table,ACE.table,function,shared-or-unknown,inventory-confirmed
lua/ace/shared/sh_ace_points_model.lua,293,normalizeGuidanceName,local,review-required,canonical helper candidate,function,shared-or-unknown,review-required
lua/ace/shared/sh_ace_points_model.lua,303,resolveGuidanceName,local,review-required,canonical helper candidate,function,shared-or-unknown,review-required
lua/ace/shared/sh_ace_points_model.lua,332,materialEff,local,review-required,canonical helper candidate,function,shared-or-unknown,review-required
lua/ace/shared/sh_ace_points_model.lua,338,ACE.Points.MaterialEff,global,ACE.table,ACE.table,function,shared-or-unknown,inventory-confirmed
lua/ace/shared/sh_ace_points_model.lua,345,ACE.Points.RoundFromBullet,global,ACE.table,ACE.table,function,shared-or-unknown,inventory-confirmed
lua/ace/shared/sh_ace_points_model.lua,369,ACE.Points.GunSustainedRps,global,ACE.table,ACE.table,function,shared-or-unknown,inventory-confirmed
lua/ace/shared/sh_ace_points_model.lua,377,ACE.Points.ChargeEntCost,global,ACE.table,ACE.table,function,shared-or-unknown,inventory-confirmed
lua/ace/shared/sh_ace_points_model.lua,385,ACE.Points.PropArmor,global,ACE.table,ACE.table,function,shared-or-unknown,inventory-confirmed
lua/ace/shared/sh_ace_scalable.lua,14,Scalable.ShapeAllowed,global,review-required,canonical helper candidate,function,shared-or-unknown,review-required
lua/ace/shared/sh_ace_scalable.lua,43,Scalable.ParseScale,global,review-required,canonical helper candidate,function,shared-or-unknown,review-required
lua/ace/shared/sh_ace_scalable.lua,65,Scalable.ApplyShape,global,review-required,canonical helper candidate,function,shared-or-unknown,review-required
lua/ace/shared/sh_ace_scalable.lua,106,Scalable.FinishSpawn,global,review-required,canonical helper candidate,function,shared-or-unknown,review-required
lua/ace/shared/sh_acfm_getters.lua,5,ACE.GetGunValue,global,ACE.table,ACE.table,function,shared-or-unknown,inventory-confirmed
lua/ace/shared/sh_acfm_getters.lua,37,ACE.GetRackValue,global,ACE.table,ACE.table,function,shared-or-unknown,inventory-confirmed
lua/ace/shared/sh_acfm_getters.lua,63,ACE.RackCanLoadCaliber,global,ACE.table,ACE.table,function,shared-or-unknown,inventory-confirmed
lua/ace/shared/sh_acfm_getters.lua,89,ACE.CanLinkRack,global,ACE.table,ACE.table,function,shared-or-unknown,inventory-confirmed
lua/ace/shared/sh_acfm_getters.lua,133,ACE.GetCompatibleRacks,global,ACE.table,ACE.table,function,shared-or-unknown,inventory-confirmed
lua/ace/shared/sh_acfm_getters.lua,150,ACE.GetRoundFromCVars,global,ACE.table,ACE.table,function,shared-or-unknown,inventory-confirmed
lua/ace/shared/sh_acfm_roundinject.lua,6,checkIfDataIsMissile,local,review-required,canonical helper candidate,function,shared-or-unknown,review-required
lua/ace/shared/sh_acfm_roundinject.lua,13,ACE.Missile_ModifyRoundDisplayFuncs,global,ACE.table,ACE.table,function,shared-or-unknown,inventory-confirmed
lua/ace/shared/sh_acfm_roundinject.lua,37,v.getDisplayData,global,review-required,canonical helper candidate,function-assignment,shared-or-unknown,review-required
lua/ace/shared/sh_acfm_roundinject.lua,72,configConcat,local,review-required,canonical helper candidate,function,shared-or-unknown,review-required
lua/ace/shared/sh_acfm_roundinject.lua,87,ACE.Missile_ModifyCrateTextFuncs,global,ACE.table,ACE.table,function,shared-or-unknown,inventory-confirmed
lua/ace/shared/sh_acfm_roundinject.lua,111,v.cratetxt,global,review-required,canonical helper candidate,function-assignment,shared-or-unknown,review-required
lua/ace/shared/sh_acfm_roundinject.lua,156,ACE.Missile_ModifyRoundBaseGunpowder,global,ACE.table,ACE.table,function,shared-or-unknown,inventory-confirmed
lua/ace/shared/sh_acfm_roundinject.lua,163,ACE.RoundBaseGunpowder,global,ACE.table,ACE.table,function-assignment,shared-or-unknown,inventory-confirmed
lua/ace/shared/sh_crewseat_base.lua,84,ACE.IsStandingPose,global,ACE.table,ACE.table,function,shared-or-unknown,inventory-confirmed
lua/ace/shared/sh_crewseat_base.lua,89,ACE.GetPoseModifiers,global,ACE.table,ACE.table,function,shared-or-unknown,inventory-confirmed
lua/ace/shared/sh_crewseat_base.lua,104,ACE.IsValidCrewseatModel,global,ACE.table,ACE.table,function,shared-or-unknown,inventory-confirmed
lua/ace/shared/sounds/sweps.lua,3,ACE.NetworkSPEffects,global,ACE.table,ACE.table,function,shared-or-unknown,inventory-confirmed
lua/ace/shared/sounds/sweps.lua,11,ACE.NetworkMPEffects,global,ACE.table,ACE.table,function,shared-or-unknown,inventory-confirmed
lua/ace/shared/sounds/sweps.lua,31,,anonymous,review-required,canonical helper candidate,anonymous-function,shared-or-unknown,review-required
lua/autorun/ace_entity_aliases.lua,19,registerAlias,local,review-required,GMod framework callback,function,shared-or-unknown,inventory-confirmed
lua/autorun/ace_entity_aliases.lua,32,registerAllAliases,local,review-required,GMod framework callback,function,shared-or-unknown,inventory-confirmed
lua/autorun/ace_lib_inherit.lua,4,this.doInherit,global,review-required,GMod framework callback,function,shared-or-unknown,review-required
lua/autorun/ace_lib_inherit.lua,17,new_class:__new,global,review-required,GMod framework callback,function,shared-or-unknown,review-required
lua/autorun/ace_lib_inherit.lua,26,new_class:Init,global,review-required,GMod framework callback,function,shared-or-unknown,review-required
lua/autorun/ace_lib_inherit.lua,38,new_class:class,global,review-required,GMod framework callback,function,shared-or-unknown,review-required
lua/autorun/ace_lib_inherit.lua,43,new_class:super,global,review-required,GMod framework callback,function,shared-or-unknown,review-required
lua/autorun/ace_lib_inherit.lua,48,new_class:instanceof,global,review-required,GMod framework callback,function,shared-or-unknown,review-required
lua/autorun/ace_lib_inherit.lua,65,this.NewBaseClass,global,review-required,GMod framework callback,function,shared-or-unknown,review-required
lua/autorun/ace_lib_inherit.lua,72,this.NewSubOf,global,review-required,GMod framework callback,function,shared-or-unknown,review-required
lua/autorun/ace_lib_inherit.lua,78,this.SetSuper,global,review-required,GMod framework callback,function,shared-or-unknown,review-required
lua/autorun/acf_globals.lua,229,,anonymous,review-required,GMod framework callback,anonymous-function,shared-or-unknown,review-required
lua/autorun/acf_globals.lua,284,ACE.CVarChangeCallback,global,ACE.table,ACE.table,function,shared-or-unknown,inventory-confirmed
lua/autorun/acf_globals.lua,504,,anonymous,review-required,GMod framework callback,anonymous-function,shared-or-unknown,review-required
lua/autorun/acf_globals.lua,514,,anonymous,review-required,GMod framework callback,anonymous-function,shared-or-unknown,review-required
lua/autorun/acf_globals.lua,521,,anonymous,review-required,GMod framework callback,anonymous-function,shared-or-unknown,review-required
lua/autorun/acf_globals.lua,528,ACE.SendDPStatus,global,ACE.table,ACE.table,function,shared-or-unknown,inventory-confirmed
lua/autorun/acf_globals.lua,539,ACE.SendNotify,global,ACE.table,ACE.table,function,shared-or-unknown,inventory-confirmed
lua/autorun/acf_globals.lua,547,notify,local,review-required,GMod framework callback,function,shared-or-unknown,inventory-confirmed
lua/autorun/acf_globals.lua,558,OnInitialSpawn,local,review-required,GMod framework callback,function,shared-or-unknown,inventory-confirmed
lua/autorun/acf_globals.lua,580,,anonymous,review-required,GMod framework callback,anonymous-function,shared-or-unknown,review-required
lua/autorun/acf_globals.lua,587,,anonymous,review-required,GMod framework callback,anonymous-function,shared-or-unknown,review-required
lua/autorun/acf_missile/countermeasure/cm_flare.lua,34,this:Init,global,review-required,GMod framework callback,function,shared-or-unknown,review-required
lua/autorun/acf_missile/countermeasure/cm_flare.lua,41,this:Configure,global,review-required,GMod framework callback,function,shared-or-unknown,review-required
lua/autorun/acf_missile/countermeasure/cm_flare.lua,54,this:UpdateActive,global,review-required,GMod framework callback,function,shared-or-unknown,review-required
lua/autorun/acf_missile/countermeasure/cm_flare.lua,70,this:GetGuidanceOverride,global,review-required,GMod framework callback,function,shared-or-unknown,review-required
lua/autorun/acf_missile/countermeasure/cm_flare.lua,87,this:ApplyChance,global,review-required,GMod framework callback,function,shared-or-unknown,review-required
lua/autorun/acf_missile/countermeasure/cm_flare.lua,105,this:TryAgainst,global,review-required,GMod framework callback,function,shared-or-unknown,review-required
lua/autorun/acf_missile/countermeasure/cm_flare.lua,129,this:ApplyToAll,global,review-required,GMod framework callback,function,shared-or-unknown,review-required
lua/autorun/acf_missile/countermeasure/cm_flare.lua,159,this.ApplyAll,global,review-required,GMod framework callback,function,shared-or-unknown,review-required
lua/autorun/acf_missile/countermeasure/cm_globals.lua,9,ACE.Missile_RegisterFlare,global,ACE.table,ACE.table,function,shared-or-unknown,inventory-confirmed
lua/autorun/acf_missile/countermeasure/cm_globals.lua,33,ACE.Missile_UnregisterFlare,global,ACE.table,ACE.table,function,shared-or-unknown,inventory-confirmed
lua/autorun/acf_missile/countermeasure/cm_globals.lua,48,ACE.Missile_OnFlareSpawn,global,ACE.table,ACE.table,function,shared-or-unknown,inventory-confirmed
lua/autorun/acf_missile/countermeasure/cm_globals.lua,63,ACE.Missile_GetFlaresInCone,global,ACE.table,ACE.table,function,shared-or-unknown,inventory-confirmed
lua/autorun/acf_missile/countermeasure/cm_globals.lua,86,ACE.Missile_GetMissilesInCone,global,ACE.table,ACE.table,function,shared-or-unknown,inventory-confirmed
lua/autorun/acf_missile/countermeasure/cm_globals.lua,122,ACE.Missile_GetMissilesInSphere,global,ACE.table,ACE.table,function,shared-or-unknown,inventory-confirmed
lua/autorun/acf_missile/countermeasure/cm_globals.lua,162,ACE.Missile_GetAllMissilesWhichCanSee,global,ACE.table,ACE.table,function,shared-or-unknown,inventory-confirmed
lua/autorun/acf_missile/countermeasure/cm_globals.lua,190,ACE.Missile_ConeContainsPos,global,ACE.table,ACE.table,function,shared-or-unknown,inventory-confirmed
lua/autorun/acf_missile/countermeasure/cm_globals.lua,205,ACE.Missile_ApplyCountermeasures,global,ACE.table,ACE.table,function,shared-or-unknown,inventory-confirmed
lua/autorun/acf_missile/countermeasure/cm_globals.lua,226,ACE.Missile_ApplySpawnCountermeasures,global,ACE.table,ACE.table,function,shared-or-unknown,inventory-confirmed
lua/autorun/acf_missile/countermeasure/cm_globals.lua,247,ACE.Missile_ApplyCountermeasure,global,ACE.table,ACE.table,function,shared-or-unknown,inventory-confirmed
lua/autorun/battlepod.lua,1,HandleACFPodAnimation,local,review-required,GMod framework callback,function,shared-or-unknown,inventory-confirmed
lua/autorun/client/cl_ace_surveymessage.lua,14,,anonymous,review-required,GMod framework callback,anonymous-function,client-or-shared,review-required
lua/autorun/client/cl_ace_vignette.lua,4,,anonymous,review-required,GMod framework callback,anonymous-function,client-or-shared,review-required
lua/autorun/client/cl_ace_vignette.lua,9,,anonymous,review-required,GMod framework callback,anonymous-function,client-or-shared,review-required
lua/autorun/client/cl_ace_vignette.lua,20,,anonymous,review-required,GMod framework callback,anonymous-function,client-or-shared,review-required
lua/autorun/client/cl_acfm_menuinject.lua,8,,anonymous,review-required,GMod framework callback,anonymous-function,client-or-shared,review-required
lua/autorun/client/cl_acfm_menuinject.lua,15,FormatWithCommas,local,review-required,GMod framework callback,function,client-or-shared,inventory-confirmed
lua/autorun/client/cl_acfm_menuinject.lua,34,SetMissileGUIEnabled,local,review-required,GMod framework callback,function,client-or-shared,inventory-confirmed
lua/autorun/client/cl_acfm_menuinject.lua,44,spacer.Paint,global,review-required,GMod framework callback,function-assignment,client-or-shared,review-required
lua/autorun/client/cl_acfm_menuinject.lua,54,acemenupanel.CData.GuidanceSelect.OnSelect,global,review-required,GMod framework callback,function-assignment,client-or-shared,review-required
lua/autorun/client/cl_acfm_menuinject.lua,104,acemenupanel.CData.FuseSelect.OnSelect,global,review-required,GMod framework callback,function-assignment,client-or-shared,review-required
lua/autorun/client/cl_acfm_menuinject.lua,194,CreateRackSelectGUI,local,review-required,GMod framework callback,function,client-or-shared,inventory-confirmed
lua/autorun/client/cl_acfm_menuinject.lua,203,spacer.Paint,global,review-required,GMod framework callback,function-assignment,client-or-shared,review-required
lua/autorun/client/cl_acfm_menuinject.lua,216,acemenupanel.CData.RackSelect.OnSelect,global,review-required,GMod framework callback,function-assignment,client-or-shared,review-required
lua/autorun/client/cl_acfm_menuinject.lua,232,acemenupanel.CData.RackModel.LayoutEntity,global,review-required,GMod framework callback,function-assignment,client-or-shared,review-required
lua/autorun/client/cl_acfm_menuinject.lua,281,ModifyACEMenu,local,review-required,GMod framework callback,function,client-or-shared,inventory-confirmed
lua/autorun/client/cl_acfm_menuinject.lua,285,panel.AmmoSelect,global,review-required,GMod framework callback,function-assignment,client-or-shared,review-required
lua/autorun/client/cl_acfm_menuinject.lua,289,acemenupanel.CData.CaliberSelect.OnSelect,global,review-required,GMod framework callback,function-assignment,client-or-shared,review-required
lua/autorun/client/cl_acfm_menuinject.lua,299,,anonymous,review-required,GMod framework callback,anonymous-function,client-or-shared,review-required
lua/autorun/client/cl_acfm_menuinject.lua,308,,anonymous,review-required,GMod framework callback,anonymous-function,client-or-shared,review-required
lua/autorun/client/cl_acfm_menuinject.lua,353,gun.DoClick,global,review-required,GMod framework callback,function-assignment,client-or-shared,review-required
lua/autorun/client/cl_acfm_menuinject.lua,369,FindACEMenuPanel,local,review-required,GMod framework callback,function,client-or-shared,inventory-confirmed
lua/autorun/playerstart_chairs.lua,1,AddVehicle,local,review-required,GMod framework callback,function,shared-or-unknown,inventory-confirmed
lua/autorun/playerstart_chairs.lua,11,HandleRollercoasterAnimation,local,review-required,GMod framework callback,function,shared-or-unknown,inventory-confirmed
lua/autorun/playerstart_chairs.lua,15,HandlePHXVehicleAnimation,local,review-required,GMod framework callback,function,shared-or-unknown,inventory-confirmed
lua/autorun/playerstart_chairs.lua,19,HandlePHXAirboatAnimation,local,review-required,GMod framework callback,function,shared-or-unknown,inventory-confirmed
lua/autorun/playerstart_chairs.lua,23,HandleStandPoseAnimation,local,review-required,GMod framework callback,function,shared-or-unknown,inventory-confirmed
lua/autorun/playerstart_chairs.lua,27,HandlePodAnim,local,review-required,GMod framework callback,function,shared-or-unknown,inventory-confirmed
lua/autorun/printbyname.lua,1,mixedcompare,local,review-required,GMod framework callback,function,shared-or-unknown,inventory-confirmed
lua/autorun/printbyname.lua,12,ACE.PairsByKeys,global,ACE.table,ACE.table,function,shared-or-unknown,inventory-confirmed
lua/autorun/printbyname.lua,17,,anonymous,review-required,GMod framework callback,anonymous-function,shared-or-unknown,review-required
lua/autorun/printbyname.lua,29,iter,local,review-required,GMod framework callback,function-assignment,shared-or-unknown,inventory-confirmed
lua/autorun/printbyname.lua,43,ACE.PrintByName,global,ACE.table,ACE.table,function,shared-or-unknown,inventory-confirmed
lua/autorun/printbyname.lua,59,ACE.PrintByNameTable,global,ACE.table,ACE.table,function,shared-or-unknown,inventory-confirmed
lua/autorun/server/duplicatorDeny.lua,1,duplicator.Deny,global,review-required,GMod framework callback,function,server-or-shared,review-required
lua/autorun/server/sv_ace_primitive_compat.lua,3,IsFiniteNumber,local,review-required,GMod framework callback,function,server-or-shared,inventory-confirmed
lua/autorun/server/sv_ace_primitive_compat.lua,7,CopyArmorValues,local,review-required,GMod framework callback,function,server-or-shared,inventory-confirmed
lua/autorun/server/sv_ace_primitive_compat.lua,27,CaptureSavedArmor,local,review-required,GMod framework callback,function,server-or-shared,inventory-confirmed
lua/autorun/server/sv_ace_primitive_compat.lua,33,CopyLegacyArmorSettings,local,review-required,GMod framework callback,function,server-or-shared,inventory-confirmed
lua/autorun/server/sv_ace_primitive_compat.lua,49,RestoreSavedArmor,local,review-required,GMod framework callback,function,server-or-shared,inventory-confirmed
lua/autorun/server/sv_ace_primitive_compat.lua,67,RestoreLegacyArmorSettings,local,review-required,GMod framework callback,function,server-or-shared,inventory-confirmed
lua/autorun/server/sv_ace_primitive_compat.lua,85,RememberCollisionGroup,local,review-required,GMod framework callback,function,server-or-shared,inventory-confirmed
lua/autorun/server/sv_ace_primitive_compat.lua,91,CapturePendingPrimitiveArmor,local,review-required,GMod framework callback,function,server-or-shared,inventory-confirmed
lua/autorun/server/sv_ace_primitive_compat.lua,98,HasPendingPhysicsClip,local,review-required,GMod framework callback,function,server-or-shared,inventory-confirmed
lua/autorun/server/sv_ace_primitive_compat.lua,108,ClearPrimitiveArmorState,local,review-required,GMod framework callback,function,server-or-shared,inventory-confirmed
lua/autorun/server/sv_ace_primitive_compat.lua,117,MarkPrimitiveArmorDirty,local,review-required,GMod framework callback,function,server-or-shared,inventory-confirmed
lua/autorun/server/sv_ace_primitive_compat.lua,124,ClearInvalidLiveArmorValues,local,review-required,GMod framework callback,function,server-or-shared,inventory-confirmed
lua/autorun/server/sv_ace_primitive_compat.lua,139,ApplyPrimitiveArmor,local,review-required,GMod framework callback,function,server-or-shared,inventory-confirmed
lua/autorun/server/sv_ace_primitive_compat.lua,156,FinalizePrimitiveArmor,local,review-required,GMod framework callback,function,server-or-shared,inventory-confirmed
lua/autorun/server/sv_ace_primitive_compat.lua,184,ReconcilePrimitiveArmor,local,review-required,GMod framework callback,function,server-or-shared,inventory-confirmed
lua/autorun/server/sv_ace_primitive_compat.lua,197,ACE.PrimitivePropertiesApplied,global,ACE.table,ACE.table,function,server-or-shared,inventory-confirmed
lua/autorun/server/sv_ace_primitive_compat.lua,208,,anonymous,review-required,GMod framework callback,anonymous-function,server-or-shared,review-required
lua/autorun/server/sv_ace_primitive_compat.lua,217,,anonymous,review-required,GMod framework callback,anonymous-function,server-or-shared,review-required
lua/autorun/server/sv_ace_primitive_compat.lua,231,ReconcileProperClippingArmor,local,review-required,GMod framework callback,function,server-or-shared,inventory-confirmed
lua/autorun/server/sv_ace_primitive_compat.lua,251,,anonymous,review-required,GMod framework callback,anonymous-function,server-or-shared,review-required
lua/autorun/server/sv_ace_primitive_compat.lua,274,,anonymous,review-required,GMod framework callback,anonymous-function,server-or-shared,review-required
lua/autorun/server/sv_acf_missiles.lua,19,ACE.Missile_BulletLaunch,global,ACE.table,ACE.table,function,server-or-shared,inventory-confirmed
lua/autorun/server/sv_acf_missiles.lua,52,ACE.Missile_ExpandBulletData,global,ACE.table,ACE.table,function,server-or-shared,inventory-confirmed
lua/autorun/server/sv_acf_missiles.lua,96,ACE.Missile_MakeCrateForBullet,global,ACE.table,ACE.table,function,server-or-shared,inventory-confirmed
lua/autorun/server/sv_acf_missiles.lua,134,ACE.Missile_CompactBulletData,global,ACE.table,ACE.table,function,server-or-shared,inventory-confirmed
lua/autorun/server/sv_acf_missiles.lua,175,ResetVelocity.AP,global,review-required,GMod framework callback,function,server-or-shared,review-required
lua/autorun/server/sv_acf_missiles.lua,190,ResetVelocity.HEAT,global,review-required,GMod framework callback,function,server-or-shared,review-required
lua/autorun/server/sv_acf_missiles.lua,203,ResetVelocity.THEAT,global,review-required,GMod framework callback,function,server-or-shared,review-required
lua/autorun/server/sv_acf_missiles.lua,224,ACE.Missile_ResetVelocity,global,ACE.table,ACE.table,function,server-or-shared,inventory-confirmed
lua/autorun/server/sv_acf_missiles.lua,239,,anonymous,review-required,GMod framework callback,anonymous-function,server-or-shared,review-required
lua/autorun/server/sv_acf_missiles.lua,241,,anonymous,review-required,GMod framework callback,anonymous-function,server-or-shared,review-required
lua/autorun/server/sv_acf_missiles.lua,248,,anonymous,review-required,GMod framework callback,anonymous-function,server-or-shared,review-required
lua/autorun/server/sv_acf_missiles.lua,250,,anonymous,review-required,GMod framework callback,anonymous-function,server-or-shared,review-required
lua/autorun/server/sv_acfm_configurables.lua,6,number,global,review-required,GMod framework callback,function-assignment,server-or-shared,review-required
lua/autorun/server/sv_acfm_configurables.lua,7,string,global,review-required,GMod framework callback,function-assignment,server-or-shared,review-required
lua/autorun/server/sv_acfm_configurables.lua,8,boolean,global,review-required,GMod framework callback,function-assignment,server-or-shared,review-required
lua/autorun/server/sv_acfm_configurables.lua,10,ACE.Missile_CreateConfigurable,global,ACE.table,ACE.table,function,server-or-shared,inventory-confirmed
lua/autorun/server/sv_acfm_configurables.lua,17,,anonymous,review-required,GMod framework callback,anonymous-function,server-or-shared,review-required
lua/autorun/server/sv_acfm_configurables.lua,27,ACE.Missile_CreateConfigurable_Raw,global,ACE.table,ACE.table,function,server-or-shared,inventory-confirmed
lua/autorun/sh_ace_workarounds.lua,4,ACE.CalcVehicleView,global,ACE.table,ACE.table,function,shared-or-unknown,inventory-confirmed
lua/autorun/sh_ace_workarounds.lua,36,filter,global,review-required,GMod framework callback,function-assignment,shared-or-unknown,review-required
lua/autorun/sh_ace_workarounds.lua,71,util.TraceLine,global,review-required,GMod framework callback,function,shared-or-unknown,review-required
lua/cfw/extensions/ace_sv.lua,10,,anonymous,review-required,external consumer,anonymous-function,shared-or-unknown,review-required
lua/cfw/extensions/ace_sv.lua,14,,anonymous,review-required,external consumer,anonymous-function,shared-or-unknown,review-required
lua/cfw/extensions/ace_sv.lua,29,,anonymous,review-required,external consumer,anonymous-function,shared-or-unknown,review-required
lua/cfw/extensions/ace_sv.lua,43,,anonymous,review-required,external consumer,anonymous-function,shared-or-unknown,review-required
lua/cfw/extensions/ace_sv.lua,54,CLASS:GetACEBaseplate,global,review-required,external consumer,function,shared-or-unknown,review-required
lua/cfw/extensions/ace_sv.lua,85,CLASS:GetACEAltitude,global,review-required,external consumer,function,shared-or-unknown,review-required
lua/cfw/extensions/ace_sv.lua,112,CLASS:GetACEHottestEntity,global,review-required,external consumer,function,shared-or-unknown,review-required
lua/cfw/extensions/ace_sv.lua,136,CLASS:GetACEHotEnts,global,review-required,external consumer,function,shared-or-unknown,review-required
lua/cfw/extensions/ace_sv.lua,154,CLASS:GetACEHeatPosition,global,review-required,external consumer,function,shared-or-unknown,review-required
lua/effects/ace_ap_impact/init.lua,31,PerformDecalTrace,local,review-required,GMod framework callback,function,client-or-shared,inventory-confirmed
lua/effects/ace_ap_impact/init.lua,38,PerformBulletEffect,local,review-required,GMod framework callback,function,client-or-shared,inventory-confirmed
lua/effects/ace_ap_impact/init.lua,50,EFFECT:Init,global,review-required,GMod framework callback,function,client-or-shared,review-required
lua/effects/ace_ap_impact/init.lua,152,EFFECT:Concrete,global,review-required,GMod framework callback,function,client-or-shared,review-required
lua/effects/ace_ap_impact/init.lua,248,EFFECT:Wood,global,review-required,GMod framework callback,function,client-or-shared,review-required
lua/effects/ace_ap_impact/init.lua,316,EFFECT:Flesh,global,review-required,GMod framework callback,function,client-or-shared,review-required
lua/effects/ace_ap_impact/init.lua,371,EFFECT:Glass,global,review-required,GMod framework callback,function,client-or-shared,review-required
lua/effects/ace_ap_impact/init.lua,439,EFFECT:Dust,global,review-required,GMod framework callback,function,client-or-shared,review-required
lua/effects/ace_ap_impact/init.lua,528,EFFECT:Metal,global,review-required,GMod framework callback,function,client-or-shared,review-required
lua/effects/ace_ap_impact/init.lua,672,EFFECT:Think,global,review-required,GMod framework callback,function,client-or-shared,review-required
lua/effects/ace_ap_impact/init.lua,679,EFFECT:Render,global,review-required,GMod framework callback,function,client-or-shared,review-required
lua/effects/ace_ap_penetration/init.lua,27,PerformDecalTrace,local,review-required,GMod framework callback,function,client-or-shared,inventory-confirmed
lua/effects/ace_ap_penetration/init.lua,38,DoubleSidedTraceResult,local,review-required,GMod framework callback,function,client-or-shared,inventory-confirmed
lua/effects/ace_ap_penetration/init.lua,51,BackTraceData.filter,global,review-required,GMod framework callback,function-assignment,client-or-shared,review-required
lua/effects/ace_ap_penetration/init.lua,59,EFFECT:Init,global,review-required,GMod framework callback,function,client-or-shared,review-required
lua/effects/ace_ap_penetration/init.lua,177,EFFECT:Concrete,global,review-required,GMod framework callback,function,client-or-shared,review-required
lua/effects/ace_ap_penetration/init.lua,389,EFFECT:Wood,global,review-required,GMod framework callback,function,client-or-shared,review-required
lua/effects/ace_ap_penetration/init.lua,476,EFFECT:Flesh,global,review-required,GMod framework callback,function,client-or-shared,review-required
lua/effects/ace_ap_penetration/init.lua,531,EFFECT:Glass,global,review-required,GMod framework callback,function,client-or-shared,review-required
lua/effects/ace_ap_penetration/init.lua,620,EFFECT:Dust,global,review-required,GMod framework callback,function,client-or-shared,review-required
lua/effects/ace_ap_penetration/init.lua,766,EFFECT:Metal,global,review-required,GMod framework callback,function,client-or-shared,review-required
lua/effects/ace_ap_penetration/init.lua,983,EFFECT:Think,global,review-required,GMod framework callback,function,client-or-shared,review-required
lua/effects/ace_ap_penetration/init.lua,991,EFFECT:Render,global,review-required,GMod framework callback,function,client-or-shared,review-required
lua/effects/ace_ap_ricochet/init.lua,17,PerformDecalTrace,local,review-required,GMod framework callback,function,client-or-shared,inventory-confirmed
lua/effects/ace_ap_ricochet/init.lua,24,EFFECT:Init,global,review-required,GMod framework callback,function,client-or-shared,review-required
lua/effects/ace_ap_ricochet/init.lua,115,EFFECT:Dust,global,review-required,GMod framework callback,function,client-or-shared,review-required
lua/effects/ace_ap_ricochet/init.lua,206,EFFECT:Glass,global,review-required,GMod framework callback,function,client-or-shared,review-required
lua/effects/ace_ap_ricochet/init.lua,276,EFFECT:Concrete,global,review-required,GMod framework callback,function,client-or-shared,review-required
lua/effects/ace_ap_ricochet/init.lua,398,EFFECT:Metal,global,review-required,GMod framework callback,function,client-or-shared,review-required
lua/effects/ace_ap_ricochet/init.lua,544,EFFECT:Wood,global,review-required,GMod framework callback,function,client-or-shared,review-required
lua/effects/ace_ap_ricochet/init.lua,614,EFFECT:Flesh,global,review-required,GMod framework callback,function,client-or-shared,review-required
lua/effects/ace_ap_ricochet/init.lua,669,EFFECT:Think,global,review-required,GMod framework callback,function,client-or-shared,review-required
lua/effects/ace_ap_ricochet/init.lua,676,EFFECT:Render,global,review-required,GMod framework callback,function,client-or-shared,review-required
lua/effects/ace_bulleteffect/init.lua,1,ACE.RemoveBulletClient,global,ACE.table,ACE.table,function,client-or-shared,inventory-confirmed
lua/effects/ace_bulleteffect/init.lua,21,RemoveBulletEntry,local,review-required,GMod framework callback,function,client-or-shared,inventory-confirmed
lua/effects/ace_bulleteffect/init.lua,29,EFFECT:Init,global,review-required,GMod framework callback,function,client-or-shared,review-required
lua/effects/ace_bulleteffect/init.lua,138,EFFECT:HitEnd,global,review-required,GMod framework callback,function,client-or-shared,review-required
lua/effects/ace_bulleteffect/init.lua,145,EFFECT:HitPierce,global,review-required,GMod framework callback,function,client-or-shared,review-required
lua/effects/ace_bulleteffect/init.lua,150,EFFECT:HitRicochet,global,review-required,GMod framework callback,function,client-or-shared,review-required
lua/effects/ace_bulleteffect/init.lua,155,EFFECT:Think,global,review-required,GMod framework callback,function,client-or-shared,review-required
lua/effects/ace_bulleteffect/init.lua,172,CanBulletCrack,local,review-required,GMod framework callback,function,client-or-shared,inventory-confirmed
lua/effects/ace_bulleteffect/init.lua,187,CanWhistle,local,review-required,GMod framework callback,function,client-or-shared,inventory-confirmed
lua/effects/ace_bulleteffect/init.lua,207,CanSplash,local,review-required,GMod framework callback,function,client-or-shared,inventory-confirmed
lua/effects/ace_bulleteffect/init.lua,218,EFFECT:ApplyMovement,global,review-required,GMod framework callback,function,client-or-shared,review-required
lua/effects/ace_bulleteffect/init.lua,373,EFFECT:Render,global,review-required,GMod framework callback,function,client-or-shared,review-required
lua/effects/ace_cookoff_puff/init.lua,1,EFFECT:Init,global,review-required,GMod framework callback,function,client-or-shared,review-required
lua/effects/ace_cookoff_puff/init.lua,30,EFFECT:StartSmoke,global,review-required,GMod framework callback,function,client-or-shared,review-required
lua/effects/ace_cookoff_puff/init.lua,157,EFFECT:Render,global,review-required,GMod framework callback,function,client-or-shared,review-required
lua/effects/ace_heat_explosion/init.lua,1,EFFECT:Init,global,review-required,GMod framework callback,function,client-or-shared,review-required
lua/effects/ace_heat_explosion/init.lua,104,EFFECT:Think,global,review-required,GMod framework callback,function,client-or-shared,review-required
lua/effects/ace_heat_explosion/init.lua,111,EFFECT:Render,global,review-required,GMod framework callback,function,client-or-shared,review-required
lua/effects/ace_missilelaunch/init.lua,1,EFFECT:Init,global,review-required,GMod framework callback,function,client-or-shared,review-required
lua/effects/ace_missilelaunch/init.lua,24,EFFECT:Think,global,review-required,GMod framework callback,function,client-or-shared,review-required
lua/effects/ace_missilelaunch/init.lua,32,EFFECT:Render,global,review-required,GMod framework callback,function,client-or-shared,review-required
lua/effects/ace_muzzleflash/init.lua,1,EFFECT:Init,global,review-required,GMod framework callback,function,client-or-shared,review-required
lua/effects/ace_muzzleflash/init.lua,103,EFFECT:Think,global,review-required,GMod framework callback,function,client-or-shared,review-required
lua/effects/ace_muzzleflash/init.lua,111,EFFECT:Render,global,review-required,GMod framework callback,function,client-or-shared,review-required
lua/effects/ace_muzzleflash/init.lua,117,EFFECT:Shockwave,global,review-required,GMod framework callback,function,client-or-shared,review-required
lua/effects/ace_racklaunch/init.lua,1,EFFECT:Init,global,review-required,GMod framework callback,function,client-or-shared,review-required
lua/effects/ace_racklaunch/init.lua,8,EFFECT:Think,global,review-required,GMod framework callback,function,client-or-shared,review-required
lua/effects/ace_racklaunch/init.lua,15,EFFECT:Render,global,review-required,GMod framework callback,function,client-or-shared,review-required
lua/effects/ace_radar_noise/init.lua,1,EFFECT:Init,global,review-required,GMod framework callback,function,client-or-shared,review-required
lua/effects/ace_radar_noise/init.lua,19,EFFECT:Think,global,review-required,GMod framework callback,function,client-or-shared,review-required
lua/effects/ace_radar_noise/init.lua,27,EFFECT:Render,global,review-required,GMod framework callback,function,client-or-shared,review-required
lua/effects/ace_scaled_detonation/init.lua,1,GetVelocityScale,local,review-required,GMod framework callback,function,client-or-shared,inventory-confirmed
lua/effects/ace_scaled_detonation/init.lua,10,StageParticle,local,review-required,GMod framework callback,function,client-or-shared,inventory-confirmed
lua/effects/ace_scaled_detonation/init.lua,17,RandomFireColor,local,review-required,GMod framework callback,function,client-or-shared,inventory-confirmed
lua/effects/ace_scaled_detonation/init.lua,23,RandomSmokeColor,local,review-required,GMod framework callback,function,client-or-shared,inventory-confirmed
lua/effects/ace_scaled_detonation/init.lua,28,ClampColor,local,review-required,GMod framework callback,function,client-or-shared,inventory-confirmed
lua/effects/ace_scaled_detonation/init.lua,34,DebugEffect,local,review-required,GMod framework callback,function,client-or-shared,inventory-confirmed
lua/effects/ace_scaled_detonation/init.lua,44,ExplosionFlashOrigin,local,review-required,GMod framework callback,function,client-or-shared,inventory-confirmed
lua/effects/ace_scaled_detonation/init.lua,50,EFFECT:Init,global,review-required,GMod framework callback,function,client-or-shared,review-required
lua/effects/ace_scaled_detonation/init.lua,185,EFFECT:ExplosionSmall,global,review-required,GMod framework callback,function,client-or-shared,review-required
lua/effects/ace_scaled_detonation/init.lua,337,EFFECT:ExplosionMedium,global,review-required,GMod framework callback,function,client-or-shared,review-required
lua/effects/ace_scaled_detonation/init.lua,532,EFFECT:Shockwave,global,review-required,GMod framework callback,function,client-or-shared,review-required
lua/effects/ace_scaled_detonation/init.lua,647,EFFECT:Water,global,review-required,GMod framework callback,function,client-or-shared,review-required
lua/effects/ace_scaled_detonation/init.lua,715,EFFECT:Concrete,global,review-required,GMod framework callback,function,client-or-shared,review-required
lua/effects/ace_scaled_detonation/init.lua,768,EFFECT:Dirt,global,review-required,GMod framework callback,function,client-or-shared,review-required
lua/effects/ace_scaled_detonation/init.lua,836,EFFECT:Sand,global,review-required,GMod framework callback,function,client-or-shared,review-required
lua/effects/ace_scaled_detonation/init.lua,875,EFFECT:Airburst,global,review-required,GMod framework callback,function,client-or-shared,review-required
lua/effects/ace_scaled_detonation/init.lua,908,EFFECT:DelayedSmoke,global,review-required,GMod framework callback,function,client-or-shared,review-required
lua/effects/ace_scaled_detonation/init.lua,945,EFFECT:Think,global,review-required,GMod framework callback,function,client-or-shared,review-required
lua/effects/ace_scaled_detonation/init.lua,952,EFFECT:Render,global,review-required,GMod framework callback,function,client-or-shared,review-required
lua/effects/ace_scaled_explosion/init.lua,7,DebugEffect,local,review-required,GMod framework callback,function,client-or-shared,inventory-confirmed
lua/effects/ace_scaled_explosion/init.lua,12,EFFECT:Init,global,review-required,GMod framework callback,function,client-or-shared,review-required
lua/effects/ace_scaled_explosion/init.lua,106,EFFECT:ExplosionSmall,global,review-required,GMod framework callback,function,client-or-shared,review-required
lua/effects/ace_scaled_explosion/init.lua,220,EFFECT:ExplosionMedium,global,review-required,GMod framework callback,function,client-or-shared,review-required
lua/effects/ace_scaled_explosion/init.lua,410,EFFECT:Shockwave,global,review-required,GMod framework callback,function,client-or-shared,review-required
lua/effects/ace_scaled_explosion/init.lua,490,EFFECT:Water,global,review-required,GMod framework callback,function,client-or-shared,review-required
lua/effects/ace_scaled_explosion/init.lua,558,EFFECT:Concrete,global,review-required,GMod framework callback,function,client-or-shared,review-required
lua/effects/ace_scaled_explosion/init.lua,611,EFFECT:Dirt,global,review-required,GMod framework callback,function,client-or-shared,review-required
lua/effects/ace_scaled_explosion/init.lua,679,EFFECT:Sand,global,review-required,GMod framework callback,function,client-or-shared,review-required
lua/effects/ace_scaled_explosion/init.lua,717,EFFECT:Airburst,global,review-required,GMod framework callback,function,client-or-shared,review-required
lua/effects/ace_scaled_explosion/init.lua,745,EFFECT:Think,global,review-required,GMod framework callback,function,client-or-shared,review-required
lua/effects/ace_scaled_explosion/init.lua,752,EFFECT:Render,global,review-required,GMod framework callback,function,client-or-shared,review-required
lua/effects/ace_smoke/init.lua,7,DebugEffect,local,review-required,GMod framework callback,function,client-or-shared,inventory-confirmed
lua/effects/ace_smoke/init.lua,12,EFFECT:Init,global,review-required,GMod framework callback,function,client-or-shared,review-required
lua/effects/ace_smoke/init.lua,68,EFFECT:StartSmoke,global,review-required,GMod framework callback,function,client-or-shared,review-required
lua/effects/ace_smoke/init.lua,247,EFFECT:Render,global,review-required,GMod framework callback,function,client-or-shared,review-required
lua/entities/ace_bomb_aerial/init.lua,8,,anonymous,review-required,GMod framework callback,anonymous-function,server-or-shared,review-required
lua/entities/ace_bomb_barrel/init.lua,8,,anonymous,review-required,GMod framework callback,anonymous-function,server-or-shared,review-required
lua/entities/ace_bomb_satchel/init.lua,10,,anonymous,review-required,GMod framework callback,anonymous-function,server-or-shared,review-required
lua/entities/ace_crewseat_driver/cl_init.lua,4,ENT:Draw,global,review-required,GMod framework callback,function,shared-or-unknown,review-required
lua/entities/ace_crewseat_driver/init.lua,9,ENT:Initialize,global,review-required,GMod framework callback,function,server-or-shared,review-required
lua/entities/ace_crewseat_driver/init.lua,25,ACE.MakeCrewseatDriver,global,ACE.table,ACE.table,function,server-or-shared,inventory-confirmed
lua/entities/ace_crewseat_driver/init.lua,64,ENT:GetPoseModifiers,global,review-required,GMod framework callback,function,server-or-shared,review-required
lua/entities/ace_crewseat_driver/init.lua,68,ENT:Think,global,review-required,GMod framework callback,function,server-or-shared,review-required
lua/entities/ace_crewseat_driver/init.lua,81,ENT:OnRemove,global,review-required,GMod framework callback,function,server-or-shared,review-required
lua/entities/ace_crewseat_driver/init.lua,85,ENT:UpdateWireOutputs,global,review-required,GMod framework callback,function,server-or-shared,review-required
lua/entities/ace_crewseat_driver/init.lua,94,ENT:UpdateOverlayText,global,review-required,GMod framework callback,function,server-or-shared,review-required
lua/entities/ace_crewseat_driver/init.lua,120,ENT:BuildDupeInfo,global,review-required,GMod framework callback,function,server-or-shared,review-required
lua/entities/ace_crewseat_driver/init.lua,127,ENT:ApplyDupeInfo,global,review-required,GMod framework callback,function,server-or-shared,review-required
lua/entities/ace_crewseat_driver/init.lua,139,ENT:ACF_OnDamage,global,review-required,GMod framework callback,function,server-or-shared,review-required
lua/entities/ace_crewseat_driver/init.lua,150,ENT:ConsumeCrewseats,global,review-required,GMod framework callback,function,server-or-shared,review-required
lua/entities/ace_crewseat_driver/init.lua,200,,anonymous,review-required,GMod framework callback,anonymous-function,server-or-shared,review-required
lua/entities/ace_crewseat_driver/init.lua,209,ENT:ResetLinks,global,review-required,GMod framework callback,function,server-or-shared,review-required
lua/entities/ace_crewseat_gunner/cl_init.lua,4,ENT:Draw,global,review-required,GMod framework callback,function,shared-or-unknown,review-required
lua/entities/ace_crewseat_gunner/init.lua,9,ENT:Initialize,global,review-required,GMod framework callback,function,server-or-shared,review-required
lua/entities/ace_crewseat_gunner/init.lua,26,ACE.MakeCrewseatGunner,global,ACE.table,ACE.table,function,server-or-shared,inventory-confirmed
lua/entities/ace_crewseat_gunner/init.lua,65,ENT:GetPoseModifiers,global,review-required,GMod framework callback,function,server-or-shared,review-required
lua/entities/ace_crewseat_gunner/init.lua,69,ENT:GetAccuracyPenalty,global,review-required,GMod framework callback,function,server-or-shared,review-required
lua/entities/ace_crewseat_gunner/init.lua,85,ENT:Think,global,review-required,GMod framework callback,function,server-or-shared,review-required
lua/entities/ace_crewseat_gunner/init.lua,99,ENT:OnRemove,global,review-required,GMod framework callback,function,server-or-shared,review-required
lua/entities/ace_crewseat_gunner/init.lua,103,ENT:UpdateWireOutputs,global,review-required,GMod framework callback,function,server-or-shared,review-required
lua/entities/ace_crewseat_gunner/init.lua,113,ENT:UpdateOverlayText,global,review-required,GMod framework callback,function,server-or-shared,review-required
lua/entities/ace_crewseat_gunner/init.lua,155,ENT:ACF_OnDamage,global,review-required,GMod framework callback,function,server-or-shared,review-required
lua/entities/ace_crewseat_gunner/init.lua,166,ENT:ConsumeCrewseats,global,review-required,GMod framework callback,function,server-or-shared,review-required
lua/entities/ace_crewseat_gunner/init.lua,190,,anonymous,review-required,GMod framework callback,anonymous-function,server-or-shared,review-required
lua/entities/ace_crewseat_gunner/init.lua,199,ENT:ResetLinks,global,review-required,GMod framework callback,function,server-or-shared,review-required
lua/entities/ace_crewseat_gunner/init.lua,214,ENT:BuildDupeInfo,global,review-required,GMod framework callback,function,server-or-shared,review-required
lua/entities/ace_crewseat_gunner/init.lua,221,ENT:ApplyDupeInfo,global,review-required,GMod framework callback,function,server-or-shared,review-required
lua/entities/ace_crewseat_loader/cl_init.lua,4,ENT:Draw,global,review-required,GMod framework callback,function,shared-or-unknown,review-required
lua/entities/ace_crewseat_loader/init.lua,10,ENT:Initialize,global,review-required,GMod framework callback,function,server-or-shared,review-required
lua/entities/ace_crewseat_loader/init.lua,28,ACE.MakeCrewseatLoader,global,ACE.table,ACE.table,function,server-or-shared,inventory-confirmed
lua/entities/ace_crewseat_loader/init.lua,71,ENT:GetPoseModifiers,global,review-required,GMod framework callback,function,server-or-shared,review-required
lua/entities/ace_crewseat_loader/init.lua,75,ENT:DecreaseStamina,global,review-required,GMod framework callback,function,server-or-shared,review-required
lua/entities/ace_crewseat_loader/init.lua,109,ENT:IncreaseStamina,global,review-required,GMod framework callback,function,server-or-shared,review-required
lua/entities/ace_crewseat_loader/init.lua,127,ENT:Think,global,review-required,GMod framework callback,function,server-or-shared,review-required
lua/entities/ace_crewseat_loader/init.lua,145,ENT:OnRemove,global,review-required,GMod framework callback,function,server-or-shared,review-required
lua/entities/ace_crewseat_loader/init.lua,149,ENT:UpdateWireOutputs,global,review-required,GMod framework callback,function,server-or-shared,review-required
lua/entities/ace_crewseat_loader/init.lua,159,ENT:UpdateOverlayText,global,review-required,GMod framework callback,function,server-or-shared,review-required
lua/entities/ace_crewseat_loader/init.lua,202,ENT:ACF_OnDamage,global,review-required,GMod framework callback,function,server-or-shared,review-required
lua/entities/ace_crewseat_loader/init.lua,214,ENT:BuildDupeInfo,global,review-required,GMod framework callback,function,server-or-shared,review-required
lua/entities/ace_crewseat_loader/init.lua,221,ENT:ApplyDupeInfo,global,review-required,GMod framework callback,function,server-or-shared,review-required
lua/entities/ace_debris.lua,11,ENT:Initialize,global,review-required,GMod framework callback,function,server-or-shared,review-required
lua/entities/ace_debris.lua,29,,anonymous,review-required,GMod framework callback,anonymous-function,server-or-shared,review-required
lua/entities/ace_ecm/cl_init.lua,4,ENT:Initialize,global,review-required,GMod framework callback,function,shared-or-unknown,review-required
lua/entities/ace_ecm/cl_init.lua,8,ENT:Draw,global,review-required,GMod framework callback,function,shared-or-unknown,review-required
lua/entities/ace_ecm/init.lua,5,ENT:SpawnFunction,global,review-required,GMod framework callback,function,server-or-shared,review-required
lua/entities/ace_ecm/init.lua,19,ENT:Initialize,global,review-required,GMod framework callback,function,server-or-shared,review-required
lua/entities/ace_ecm/init.lua,53,ENT:TriggerInput,global,review-required,GMod framework callback,function,server-or-shared,review-required
lua/entities/ace_ecm/init.lua,68,ENT:SetActive,global,review-required,GMod framework callback,function,server-or-shared,review-required
lua/entities/ace_ecm/init.lua,88,ENT:Think,global,review-required,GMod framework callback,function,server-or-shared,review-required
lua/entities/ace_ecm/init.lua,142,filter,global,review-required,GMod framework callback,function-assignment,server-or-shared,review-required
lua/entities/ace_ecm/init.lua,174,ENT:UpdateOverlayText,global,review-required,GMod framework callback,function,server-or-shared,review-required
lua/entities/ace_ecm/init.lua,187,ENT:OnRemove,global,review-required,GMod framework callback,function,server-or-shared,review-required
lua/entities/ace_explosive/cl_init.lua,2,ENT:Draw,global,review-required,GMod framework callback,function,shared-or-unknown,review-required
lua/entities/ace_explosive/init.lua,12,ACE.GetExplosiveMasses,global,ACE.table,ACE.table,function,server-or-shared,inventory-confirmed
lua/entities/ace_explosive/init.lua,31,ENT:Initialize,global,review-required,GMod framework callback,function,server-or-shared,review-required
lua/entities/ace_explosive/init.lua,51,ACE.MakeExplosive,global,ACE.table,ACE.table,function,server-or-shared,inventory-confirmed
lua/entities/ace_explosive/init.lua,95,ENT:Detonate,global,review-required,GMod framework callback,function,server-or-shared,review-required
lua/entities/ace_explosive/init.lua,116,ENT:TriggerInput,global,review-required,GMod framework callback,function,server-or-shared,review-required
lua/entities/ace_explosive/init.lua,122,ENT:ACF_Activate,global,review-required,GMod framework callback,function,server-or-shared,review-required
lua/entities/ace_explosive/init.lua,147,ENT:ACF_OnDamage,global,review-required,GMod framework callback,function,server-or-shared,review-required
lua/entities/ace_explosive/init.lua,167,,anonymous,review-required,GMod framework callback,anonymous-function,server-or-shared,review-required
lua/entities/ace_explosive/init.lua,172,ENT:UpdateOverlayText,global,review-required,GMod framework callback,function,server-or-shared,review-required
lua/entities/ace_explosive_prebuilt/cl_init.lua,2,ENT:Draw,global,review-required,GMod framework callback,function,shared-or-unknown,review-required
lua/entities/ace_explosive_prebuilt/init.lua,7,ENT:Initialize,global,review-required,GMod framework callback,function,server-or-shared,review-required
lua/entities/ace_explosive_prebuilt/init.lua,25,ACE.MakePrebuiltExplosive,global,ACE.table,ACE.table,function,server-or-shared,inventory-confirmed
lua/entities/ace_explosive_prebuilt/init.lua,76,ENT:SpawnFunction,global,review-required,GMod framework callback,function,server-or-shared,review-required
lua/entities/ace_explosive_prebuilt/init.lua,87,ENT:Detonate,global,review-required,GMod framework callback,function,server-or-shared,review-required
lua/entities/ace_explosive_prebuilt/init.lua,107,ENT:TriggerInput,global,review-required,GMod framework callback,function,server-or-shared,review-required
lua/entities/ace_explosive_prebuilt/init.lua,113,ENT:ACF_Activate,global,review-required,GMod framework callback,function,server-or-shared,review-required
lua/entities/ace_explosive_prebuilt/init.lua,137,ENT:ACF_OnDamage,global,review-required,GMod framework callback,function,server-or-shared,review-required
lua/entities/ace_explosive_prebuilt/init.lua,153,,anonymous,review-required,GMod framework callback,anonymous-function,server-or-shared,review-required
lua/entities/ace_explosive_prebuilt/init.lua,158,ENT:UpdateOverlayText,global,review-required,GMod framework callback,function,server-or-shared,review-required
lua/entities/ace_flare/cl_init.lua,4,ENT:Initialize,global,review-required,GMod framework callback,function,shared-or-unknown,review-required
lua/entities/ace_flare/cl_init.lua,24,ENT:Draw,global,review-required,GMod framework callback,function,shared-or-unknown,review-required
lua/entities/ace_flare/cl_init.lua,49,ENT:OnRemove,global,review-required,GMod framework callback,function,shared-or-unknown,review-required
lua/entities/ace_flare/init.lua,7,ENT:Initialize,global,review-required,GMod framework callback,function,server-or-shared,review-required
lua/entities/ace_flare/init.lua,34,,anonymous,review-required,GMod framework callback,anonymous-function,server-or-shared,review-required
lua/entities/ace_flare/init.lua,45,,anonymous,review-required,GMod framework callback,anonymous-function,server-or-shared,review-required
lua/entities/ace_flare/init.lua,51,ENT:Think,global,review-required,GMod framework callback,function,server-or-shared,review-required
lua/entities/ace_flare/init.lua,71,ENT:PhysicsCollide,global,review-required,GMod framework callback,function,server-or-shared,review-required
lua/entities/ace_flare/init.lua,86,ENT:CanTool,global,review-required,GMod framework callback,function,server-or-shared,review-required
lua/entities/ace_gforce_meter/cl_init.lua,4,ENT:Draw,global,review-required,GMod framework callback,function,shared-or-unknown,review-required
lua/entities/ace_gforce_meter/init.lua,11,ENT:Initialize,global,review-required,GMod framework callback,function,server-or-shared,review-required
lua/entities/ace_gforce_meter/init.lua,33,ACE.MakeGForceMeter,global,ACE.table,ACE.table,function,server-or-shared,inventory-confirmed
lua/entities/ace_gforce_meter/init.lua,70,ENT:SetNWNetwork,global,review-required,GMod framework callback,function,server-or-shared,review-required
lua/entities/ace_gforce_meter/init.lua,74,ENT:SetModelEasy,global,review-required,GMod framework callback,function,server-or-shared,review-required
lua/entities/ace_gforce_meter/init.lua,88,ENT:CalculateGForce,global,review-required,GMod framework callback,function,server-or-shared,review-required
lua/entities/ace_gforce_meter/init.lua,131,ENT:UpdateOutputs,global,review-required,GMod framework callback,function,server-or-shared,review-required
lua/entities/ace_gforce_meter/init.lua,139,ENT:UpdateOverlayText,global,review-required,GMod framework callback,function,server-or-shared,review-required
lua/entities/ace_gforce_meter/init.lua,158,ENT:Think,global,review-required,GMod framework callback,function,server-or-shared,review-required
lua/entities/ace_grenade/cl_init.lua,2,ENT:Draw,global,review-required,GMod framework callback,function,shared-or-unknown,review-required
lua/entities/ace_grenade/init.lua,5,ENT:Initialize,global,review-required,GMod framework callback,function,server-or-shared,review-required
lua/entities/ace_grenade/init.lua,33,ENT:Think,global,review-required,GMod framework callback,function,server-or-shared,review-required
lua/entities/ace_irst/cl_init.lua,4,ENT:Draw,global,review-required,GMod framework callback,function,shared-or-unknown,review-required
lua/entities/ace_irst/cl_init.lua,12,ACE.IRSTGUICreate,global,ACE.table,ACE.table,function,shared-or-unknown,inventory-confirmed
lua/entities/ace_irst/cl_init.lua,24,RadarMenu.LayoutEntity,global,review-required,GMod framework callback,function-assignment,shared-or-unknown,review-required
lua/entities/ace_irst/init.lua,12,ENT:Initialize,global,review-required,GMod framework callback,function,server-or-shared,review-required
lua/entities/ace_irst/init.lua,72,ACE.MakeIRST,global,ACE.table,ACE.table,function,server-or-shared,inventory-confirmed
lua/entities/ace_irst/init.lua,118,ENT:SetNWNetwork,global,review-required,GMod framework callback,function,server-or-shared,review-required
lua/entities/ace_irst/init.lua,122,ENT:SetModelEasy,global,review-required,GMod framework callback,function,server-or-shared,review-required
lua/entities/ace_irst/init.lua,138,ENT:TriggerInput,global,review-required,GMod framework callback,function,server-or-shared,review-required
lua/entities/ace_irst/init.lua,152,ENT:SetActive,global,review-required,GMod framework callback,function,server-or-shared,review-required
lua/entities/ace_irst/init.lua,184,GetAngleBetweenVectors,local,review-required,GMod framework callback,function,server-or-shared,inventory-confirmed
lua/entities/ace_irst/init.lua,194,ENT:CleanupIRTracks,global,review-required,GMod framework callback,function,server-or-shared,review-required
lua/entities/ace_irst/init.lua,215,ENT:ScanForContraptions,global,review-required,GMod framework callback,function,server-or-shared,review-required
lua/entities/ace_irst/init.lua,412,ENT:UpdateStatus,global,review-required,GMod framework callback,function,server-or-shared,review-required
lua/entities/ace_irst/init.lua,416,ENT:Think,global,review-required,GMod framework callback,function,server-or-shared,review-required
lua/entities/ace_irst/init.lua,449,ENT:UpdateOverlayText,global,review-required,GMod framework callback,function,server-or-shared,review-required
lua/entities/ace_mine/cl_init.lua,2,ENT:Draw,global,review-required,GMod framework callback,function,shared-or-unknown,review-required
lua/entities/ace_mine/init.lua,8,ENT:Initialize,global,review-required,GMod framework callback,function,server-or-shared,review-required
lua/entities/ace_mine/init.lua,16,ArmingMode,local,review-required,GMod framework callback,function,server-or-shared,inventory-confirmed
lua/entities/ace_mine/init.lua,40,,anonymous,review-required,GMod framework callback,anonymous-function,server-or-shared,review-required
lua/entities/ace_mine/init.lua,48,ActiveMode,local,review-required,GMod framework callback,function,server-or-shared,inventory-confirmed
lua/entities/ace_mine/init.lua,61,TriggerData.filter,global,review-required,GMod framework callback,function-assignment,server-or-shared,review-required
lua/entities/ace_mine/init.lua,79,,anonymous,review-required,GMod framework callback,anonymous-function,server-or-shared,review-required
lua/entities/ace_mine/init.lua,92,ENT:Think,global,review-required,GMod framework callback,function,server-or-shared,review-required
lua/entities/ace_mine/init.lua,102,ENT:Detonate,global,review-required,GMod framework callback,function,server-or-shared,review-required
lua/entities/ace_mine/init.lua,122,ENT:CanTool,global,review-required,GMod framework callback,function,server-or-shared,review-required
lua/entities/ace_mine/init.lua,130,ENT:CanProperty,global,review-required,GMod framework callback,function,server-or-shared,review-required
lua/entities/ace_mine/init.lua,142,ACE.InitializePlayerMineCounter,global,ACE.table,ACE.table,function,server-or-shared,inventory-confirmed
lua/entities/ace_mine/init.lua,149,ACE.DeleteDisconnectPlayerMines,global,ACE.table,ACE.table,function,server-or-shared,inventory-confirmed
lua/entities/ace_mine/init.lua,163,CheckMineLimit,local,review-required,GMod framework callback,function,server-or-shared,inventory-confirmed
lua/entities/ace_mine/init.lua,168,VerifyMineLimits,local,review-required,GMod framework callback,function,server-or-shared,inventory-confirmed
lua/entities/ace_mine/init.lua,178,AddMineToLimit,local,review-required,GMod framework callback,function,server-or-shared,inventory-confirmed
lua/entities/ace_mine/init.lua,185,ACE.CreateMine,global,ACE.table,ACE.table,function,server-or-shared,inventory-confirmed
lua/entities/ace_missile/cl_init.lua,2,ENT:Initialize,global,review-required,GMod framework callback,function,shared-or-unknown,review-required
lua/entities/ace_missile/cl_init.lua,12,ENT:Draw,global,review-required,GMod framework callback,function,shared-or-unknown,review-required
lua/entities/ace_missile/cl_init.lua,25,ENT:RenderMotorLight,global,review-required,GMod framework callback,function,shared-or-unknown,review-required
lua/entities/ace_missile/init.lua,8,ENT:Initialize,global,review-required,GMod framework callback,function,server-or-shared,review-required
lua/entities/ace_missile/init.lua,111,ENT:Think,global,review-required,GMod framework callback,function,server-or-shared,review-required
lua/entities/ace_missile/init.lua,570,ENT:ConfigureMissile,global,review-required,GMod framework callback,function,server-or-shared,review-required
lua/entities/ace_missile/init.lua,614,ENT:ConfigureLaunch,global,review-required,GMod framework callback,function,server-or-shared,review-required
lua/entities/ace_missile/init.lua,626,ENT:Detonate,global,review-required,GMod framework callback,function,server-or-shared,review-required
lua/entities/ace_missile/init.lua,657,,anonymous,review-required,GMod framework callback,anonymous-function,server-or-shared,review-required
lua/entities/ace_missile/init.lua,687,ENT:OnRemove,global,review-required,GMod framework callback,function,server-or-shared,review-required
lua/entities/ace_missile/init.lua,710,ENT:ACF_OnDamage,global,review-required,GMod framework callback,function,server-or-shared,review-required
lua/entities/ace_missile/init.lua,758,ENT:CanTool,global,review-required,GMod framework callback,function,server-or-shared,review-required
lua/entities/ace_missile/init.lua,770,ENT:CanProperty,global,review-required,GMod framework callback,function,server-or-shared,review-required
lua/entities/ace_missile/init.lua,783,,anonymous,review-required,GMod framework callback,anonymous-function,server-or-shared,review-required
lua/entities/ace_rwr_dir/cl_init.lua,4,ENT:Initialize,global,review-required,GMod framework callback,function,shared-or-unknown,review-required
lua/entities/ace_rwr_dir/cl_init.lua,8,ENT:Draw,global,review-required,GMod framework callback,function,shared-or-unknown,review-required
lua/entities/ace_rwr_dir/init.lua,5,ENT:SpawnFunction,global,review-required,GMod framework callback,function,server-or-shared,review-required
lua/entities/ace_rwr_dir/init.lua,19,ENT:Initialize,global,review-required,GMod framework callback,function,server-or-shared,review-required
lua/entities/ace_rwr_dir/init.lua,47,ENT:TriggerInput,global,review-required,GMod framework callback,function,server-or-shared,review-required
lua/entities/ace_rwr_dir/init.lua,54,ENT:SetActive,global,review-required,GMod framework callback,function,server-or-shared,review-required
lua/entities/ace_rwr_dir/init.lua,85,ENT:Think,global,review-required,GMod framework callback,function,server-or-shared,review-required
lua/entities/ace_rwr_dir/init.lua,172,filter,global,review-required,GMod framework callback,function-assignment,server-or-shared,review-required
lua/entities/ace_rwr_dir/init.lua,203,ENT:UpdateOverlayText,global,review-required,GMod framework callback,function,server-or-shared,review-required
lua/entities/ace_rwr_sphere/cl_init.lua,4,ENT:Initialize,global,review-required,GMod framework callback,function,shared-or-unknown,review-required
lua/entities/ace_rwr_sphere/cl_init.lua,8,ENT:Draw,global,review-required,GMod framework callback,function,shared-or-unknown,review-required
lua/entities/ace_rwr_sphere/init.lua,5,ENT:SpawnFunction,global,review-required,GMod framework callback,function,server-or-shared,review-required
lua/entities/ace_rwr_sphere/init.lua,19,ENT:Initialize,global,review-required,GMod framework callback,function,server-or-shared,review-required
lua/entities/ace_rwr_sphere/init.lua,45,ENT:TriggerInput,global,review-required,GMod framework callback,function,server-or-shared,review-required
lua/entities/ace_rwr_sphere/init.lua,53,ENT:SetActive,global,review-required,GMod framework callback,function,server-or-shared,review-required
lua/entities/ace_rwr_sphere/init.lua,83,ENT:Think,global,review-required,GMod framework callback,function,server-or-shared,review-required
lua/entities/ace_rwr_sphere/init.lua,171,filter,global,review-required,GMod framework callback,function-assignment,server-or-shared,review-required
lua/entities/ace_rwr_sphere/init.lua,197,ENT:UpdateOverlayText,global,review-required,GMod framework callback,function,server-or-shared,review-required
lua/entities/ace_scalability/cl_init.lua,2,ENT:Initialize,global,review-required,GMod framework callback,function,shared-or-unknown,review-required
lua/entities/ace_scalability/cl_init.lua,13,ENT:CalcAbsolutePosition,global,review-required,GMod framework callback,function,shared-or-unknown,review-required
lua/entities/ace_scalability/cl_init.lua,29,BuildFakePhysics,local,review-required,GMod framework callback,function,shared-or-unknown,inventory-confirmed
lua/entities/ace_scalability/cl_init.lua,47,BuildRealPhysics,local,review-required,GMod framework callback,function,shared-or-unknown,inventory-confirmed
lua/entities/ace_scalability/cl_init.lua,98,CreatePropVisualScale,local,review-required,GMod framework callback,function,shared-or-unknown,inventory-confirmed
lua/entities/ace_scalability/cl_init.lua,116,,anonymous,review-required,GMod framework callback,anonymous-function,shared-or-unknown,review-required
lua/entities/ace_scalability/cl_init.lua,133,,anonymous,review-required,GMod framework callback,anonymous-function,shared-or-unknown,review-required
lua/entities/ace_scalability/cl_init.lua,146,ENT:EnableMatrix,global,review-required,GMod framework callback,function,shared-or-unknown,review-required
lua/entities/ace_scalability/cl_init.lua,162,ENT:DisableMatrix,global,review-required,GMod framework callback,function,shared-or-unknown,review-required
lua/entities/ace_scalability/cl_init.lua,179,,anonymous,review-required,GMod framework callback,anonymous-function,shared-or-unknown,review-required
lua/entities/ace_scalability/init.lua,83,NetworkNewScale,local,review-required,GMod framework callback,function,server-or-shared,inventory-confirmed
lua/entities/ace_scalability/init.lua,98,ENT:ACE_SetScale,global,review-required,GMod framework callback,function,server-or-shared,review-required
lua/entities/ace_scalability/init.lua,129,,anonymous,review-required,GMod framework callback,anonymous-function,server-or-shared,review-required
lua/entities/ace_scalability/init.lua,147,,anonymous,review-required,GMod framework callback,anonymous-function,server-or-shared,review-required
lua/entities/ace_scalability/init.lua,163,ENT:OnDuplicated,global,review-required,GMod framework callback,function,server-or-shared,review-required
lua/entities/ace_scalability/init.lua,180,ENT:PostEntityPaste,global,review-required,GMod framework callback,function,server-or-shared,review-required
lua/entities/ace_scalability/init.lua,190,,anonymous,review-required,GMod framework callback,anonymous-function,server-or-shared,review-required
lua/entities/ace_scalability/shared.lua,7,ENT:ConvertMeshToScale,global,review-required,GMod framework callback,function,server-or-shared,review-required
lua/entities/ace_scalability/shared.lua,31,ENT:CanTool,global,review-required,GMod framework callback,function,server-or-shared,review-required
lua/entities/ace_searchradar/cl_init.lua,4,ENT:Initialize,global,review-required,GMod framework callback,function,shared-or-unknown,review-required
lua/entities/ace_searchradar/cl_init.lua,10,ENT:Draw,global,review-required,GMod framework callback,function,shared-or-unknown,review-required
lua/entities/ace_searchradar/cl_init.lua,25,ACE.TrackRadarGUICreate,global,ACE.table,ACE.table,function,shared-or-unknown,inventory-confirmed
lua/entities/ace_searchradar/cl_init.lua,38,RadarMenu.LayoutEntity,global,review-required,GMod framework callback,function-assignment,shared-or-unknown,review-required
lua/entities/ace_searchradar/init.lua,15,ENT:Initialize,global,review-required,GMod framework callback,function,server-or-shared,review-required
lua/entities/ace_searchradar/init.lua,58,SetConeParameters,local,review-required,GMod framework callback,function,server-or-shared,inventory-confirmed
lua/entities/ace_searchradar/init.lua,64,ACE.MakeSearchRadar,global,ACE.table,ACE.table,function,server-or-shared,inventory-confirmed
lua/entities/ace_searchradar/init.lua,120,ENT:SetModelEasy,global,review-required,GMod framework callback,function,server-or-shared,review-required
lua/entities/ace_searchradar/init.lua,138,ENT:TriggerInput,global,review-required,GMod framework callback,function,server-or-shared,review-required
lua/entities/ace_searchradar/init.lua,156,ENT:SetActive,global,review-required,GMod framework callback,function,server-or-shared,review-required
lua/entities/ace_searchradar/init.lua,203,ENT:UpdateStatus,global,review-required,GMod framework callback,function,server-or-shared,review-required
lua/entities/ace_searchradar/init.lua,208,ENT:UpdateOverlayText,global,review-required,GMod framework callback,function,server-or-shared,review-required
lua/entities/ace_searchradar/init.lua,266,ENT:Think,global,review-required,GMod framework callback,function,server-or-shared,review-required
lua/entities/ace_slammine/cl_init.lua,2,ENT:Initialize,global,review-required,GMod framework callback,function,shared-or-unknown,review-required
lua/entities/ace_slammine/cl_init.lua,6,ENT:Draw,global,review-required,GMod framework callback,function,shared-or-unknown,review-required
lua/entities/ace_slammine/cl_init.lua,29,ENT:Think,global,review-required,GMod framework callback,function,shared-or-unknown,review-required
lua/entities/ace_slammine/init.lua,5,ENT:Initialize,global,review-required,GMod framework callback,function,server-or-shared,review-required
lua/entities/ace_slammine/init.lua,36,ENT:Boom,global,review-required,GMod framework callback,function,server-or-shared,review-required
lua/entities/ace_slammine/init.lua,62,ENT:OnRemove,global,review-required,GMod framework callback,function,server-or-shared,review-required
lua/entities/ace_slammine/init.lua,70,ENT:Think,global,review-required,GMod framework callback,function,server-or-shared,review-required
lua/entities/ace_slammine/init.lua,103,,anonymous,review-required,GMod framework callback,anonymous-function,server-or-shared,review-required
lua/entities/ace_smokegrenade/cl_init.lua,2,ENT:Draw,global,review-required,GMod framework callback,function,shared-or-unknown,review-required
lua/entities/ace_smokegrenade/init.lua,5,ENT:Initialize,global,review-required,GMod framework callback,function,server-or-shared,review-required
lua/entities/ace_smokegrenade/init.lua,30,MakeSmoke,local,review-required,GMod framework callback,function,server-or-shared,inventory-confirmed
lua/entities/ace_smokegrenade/init.lua,42,ENT:Think,global,review-required,GMod framework callback,function,server-or-shared,review-required
lua/entities/ace_sonar/cl_init.lua,4,ENT:Draw,global,review-required,GMod framework callback,function,shared-or-unknown,review-required
lua/entities/ace_sonar/cl_init.lua,12,ACE.SonarGUICreate,global,ACE.table,ACE.table,function,shared-or-unknown,inventory-confirmed
lua/entities/ace_sonar/cl_init.lua,24,RadarMenu.LayoutEntity,global,review-required,GMod framework callback,function-assignment,shared-or-unknown,review-required
lua/entities/ace_sonar/init.lua,17,ENT:Initialize,global,review-required,GMod framework callback,function,server-or-shared,review-required
lua/entities/ace_sonar/init.lua,125,ACE.MakeSonar,global,ACE.table,ACE.table,function,server-or-shared,inventory-confirmed
lua/entities/ace_sonar/init.lua,182,ENT:SetNWNetwork,global,review-required,GMod framework callback,function,server-or-shared,review-required
lua/entities/ace_sonar/init.lua,186,ENT:SetModelEasy,global,review-required,GMod framework callback,function,server-or-shared,review-required
lua/entities/ace_sonar/init.lua,202,ENT:TriggerInput,global,review-required,GMod framework callback,function,server-or-shared,review-required
lua/entities/ace_sonar/init.lua,244,ENT:SetActive,global,review-required,GMod framework callback,function,server-or-shared,review-required
lua/entities/ace_sonar/init.lua,298,ENT:SONARDevDisplayAngles,global,review-required,GMod framework callback,function,server-or-shared,review-required
lua/entities/ace_sonar/init.lua,331,ENT:DoSonarFunctions,global,review-required,GMod framework callback,function,server-or-shared,review-required
lua/entities/ace_sonar/init.lua,358,ENT:SONARIsInCone,global,review-required,GMod framework callback,function,server-or-shared,review-required
lua/entities/ace_sonar/init.lua,377,ENT:GetWaterHeight,global,review-required,GMod framework callback,function,server-or-shared,review-required
lua/entities/ace_sonar/init.lua,397,ACE.SonarCalculateAngle,global,ACE.table,ACE.table,function,server-or-shared,inventory-confirmed
lua/entities/ace_sonar/init.lua,404,ACE.SonarCalculateDepth,global,ACE.table,ACE.table,function,server-or-shared,inventory-confirmed
lua/entities/ace_sonar/init.lua,410,ENT:activeSonar,global,review-required,GMod framework callback,function,server-or-shared,review-required
lua/entities/ace_sonar/init.lua,446,,anonymous,review-required,GMod framework callback,anonymous-function,server-or-shared,review-required
lua/entities/ace_sonar/init.lua,554,,anonymous,review-required,GMod framework callback,anonymous-function,server-or-shared,review-required
lua/entities/ace_sonar/init.lua,565,,anonymous,review-required,GMod framework callback,anonymous-function,server-or-shared,review-required
lua/entities/ace_sonar/init.lua,582,,anonymous,review-required,GMod framework callback,anonymous-function,server-or-shared,review-required
lua/entities/ace_sonar/init.lua,588,,anonymous,review-required,GMod framework callback,anonymous-function,server-or-shared,review-required
lua/entities/ace_sonar/init.lua,623,ENT:passiveSonar,global,review-required,GMod framework callback,function,server-or-shared,review-required
lua/entities/ace_sonar/init.lua,711,,anonymous,review-required,GMod framework callback,anonymous-function,server-or-shared,review-required
lua/entities/ace_sonar/init.lua,742,ENT:CleanupSonarTracks,global,review-required,GMod framework callback,function,server-or-shared,review-required
lua/entities/ace_sonar/init.lua,767,ENT:UpdateSonarTorpedoTracks,global,review-required,GMod framework callback,function,server-or-shared,review-required
lua/entities/ace_sonar/init.lua,797,ENT:UpdateRecievedPings,global,review-required,GMod framework callback,function,server-or-shared,review-required
lua/entities/ace_sonar/init.lua,830,ACE.CheckShadowZoneObscured,global,ACE.table,ACE.table,function,server-or-shared,inventory-confirmed
lua/entities/ace_sonar/init.lua,885,ENT:UpdateSonarTracks,global,review-required,GMod framework callback,function,server-or-shared,review-required
lua/entities/ace_sonar/init.lua,988,ENT:UpdateStatus,global,review-required,GMod framework callback,function,server-or-shared,review-required
lua/entities/ace_sonar/init.lua,993,ENT:Think,global,review-required,GMod framework callback,function,server-or-shared,review-required
lua/entities/ace_sonar/init.lua,1038,ENT:UpdateOverlayText,global,review-required,GMod framework callback,function,server-or-shared,review-required
lua/entities/ace_trackingradar/cl_init.lua,4,ENT:Initialize,global,review-required,GMod framework callback,function,shared-or-unknown,review-required
lua/entities/ace_trackingradar/cl_init.lua,8,ENT:Draw,global,review-required,GMod framework callback,function,shared-or-unknown,review-required
lua/entities/ace_trackingradar/cl_init.lua,21,ACE.TrackRadarGUICreate,global,ACE.table,ACE.table,function,shared-or-unknown,inventory-confirmed
lua/entities/ace_trackingradar/cl_init.lua,33,RadarMenu.LayoutEntity,global,review-required,GMod framework callback,function-assignment,shared-or-unknown,review-required
lua/entities/ace_trackingradar/init.lua,16,ENT:Initialize,global,review-required,GMod framework callback,function,server-or-shared,review-required
lua/entities/ace_trackingradar/init.lua,63,SetConeParameters,local,review-required,GMod framework callback,function,server-or-shared,inventory-confirmed
lua/entities/ace_trackingradar/init.lua,69,ACE.MakeTrackingRadar,global,ACE.table,ACE.table,function,server-or-shared,inventory-confirmed
lua/entities/ace_trackingradar/init.lua,124,ENT:SetModelEasy,global,review-required,GMod framework callback,function,server-or-shared,review-required
lua/entities/ace_trackingradar/init.lua,142,ENT:TriggerInput,global,review-required,GMod framework callback,function,server-or-shared,review-required
lua/entities/ace_trackingradar/init.lua,173,ENT:SetActive,global,review-required,GMod framework callback,function,server-or-shared,review-required
lua/entities/ace_trackingradar/init.lua,218,ENT:UpdateStatus,global,review-required,GMod framework callback,function,server-or-shared,review-required
lua/entities/ace_trackingradar/init.lua,223,ENT:UpdateOverlayText,global,review-required,GMod framework callback,function,server-or-shared,review-required
lua/entities/ace_trackingradar/init.lua,250,GetAngleBetweenVectors,local,review-required,GMod framework callback,function,server-or-shared,inventory-confirmed
lua/entities/ace_trackingradar/init.lua,272,ENT:ScanForContraptions,global,review-required,GMod framework callback,function,server-or-shared,review-required
lua/entities/ace_trackingradar/init.lua,474,ENT:Think,global,review-required,GMod framework callback,function,server-or-shared,review-required
lua/entities/ace_vheat_source/cl_init.lua,4,ENT:Initialize,global,review-required,GMod framework callback,function,shared-or-unknown,review-required
lua/entities/ace_vheat_source/cl_init.lua,8,ENT:Draw,global,review-required,GMod framework callback,function,shared-or-unknown,review-required
lua/entities/ace_vheat_source/cl_init.lua,16,ACE.VHeatSourceGUICreate,global,ACE.table,ACE.table,function,shared-or-unknown,inventory-confirmed
lua/entities/ace_vheat_source/init.lua,11,ENT:Initialize,global,review-required,GMod framework callback,function,server-or-shared,review-required
lua/entities/ace_vheat_source/init.lua,37,ENT:ACF_Activate,global,review-required,GMod framework callback,function,server-or-shared,review-required
lua/entities/ace_vheat_source/init.lua,54,ACE.MakeVHeatSource,global,ACE.table,ACE.table,function,server-or-shared,inventory-confirmed
lua/entities/ace_vheat_source/init.lua,88,ENT:SetNWNetwork,global,review-required,GMod framework callback,function,server-or-shared,review-required
lua/entities/ace_vheat_source/init.lua,92,ENT:SetModelEasy,global,review-required,GMod framework callback,function,server-or-shared,review-required
lua/entities/ace_vheat_source/init.lua,108,ENT:TriggerInput,global,review-required,GMod framework callback,function,server-or-shared,review-required
lua/entities/ace_vheat_source/init.lua,122,ENT:UpdateOverlayText,global,review-required,GMod framework callback,function,server-or-shared,review-required
lua/entities/ace_vheat_source/init.lua,131,ENT:Think,global,review-required,GMod framework callback,function,server-or-shared,review-required
lua/entities/ace_wind_sensor/cl_init.lua,4,ENT:Draw,global,review-required,GMod framework callback,function,shared-or-unknown,review-required
lua/entities/ace_wind_sensor/init.lua,11,ENT:Initialize,global,review-required,GMod framework callback,function,server-or-shared,review-required
lua/entities/ace_wind_sensor/init.lua,26,ACE.MakeWindSensor,global,ACE.table,ACE.table,function,server-or-shared,inventory-confirmed
lua/entities/ace_wind_sensor/init.lua,64,ENT:SetNWNetwork,global,review-required,GMod framework callback,function,server-or-shared,review-required
lua/entities/ace_wind_sensor/init.lua,68,ENT:SetModelEasy,global,review-required,GMod framework callback,function,server-or-shared,review-required
lua/entities/ace_wind_sensor/init.lua,82,ENT:UpdateOutputs,global,review-required,GMod framework callback,function,server-or-shared,review-required
lua/entities/ace_wind_sensor/init.lua,92,ENT:UpdateOverlayText,global,review-required,GMod framework callback,function,server-or-shared,review-required
lua/entities/ace_wind_sensor/init.lua,105,ENT:Think,global,review-required,GMod framework callback,function,server-or-shared,review-required
lua/entities/acf_ammo/cl_init.lua,7,Bezier,local,review-required,GMod framework callback,function,shared-or-unknown,inventory-confirmed
lua/entities/acf_ammo/cl_init.lua,20,BezPoint,local,review-required,GMod framework callback,function,shared-or-unknown,inventory-confirmed
lua/entities/acf_ammo/cl_init.lua,31,ACE.DrawRefillAmmo,global,ACE.table,ACE.table,function,shared-or-unknown,inventory-confirmed
lua/entities/acf_ammo/cl_init.lua,58,ACE.TrimInvalidRefillEffects,global,ACE.table,ACE.table,function,shared-or-unknown,inventory-confirmed
lua/entities/acf_ammo/cl_init.lua,74,ENT:Draw,global,review-required,GMod framework callback,function,shared-or-unknown,review-required
lua/entities/acf_ammo/cl_init.lua,96,,anonymous,review-required,GMod framework callback,anonymous-function,shared-or-unknown,review-required
lua/entities/acf_ammo/cl_init.lua,107,,anonymous,review-required,GMod framework callback,anonymous-function,shared-or-unknown,review-required
lua/entities/acf_ammo/init.lua,19,IsMachineGunAmmo,local,review-required,GMod framework callback,function,server-or-shared,inventory-confirmed
lua/entities/acf_ammo/init.lua,32,IsMissileAmmo,local,review-required,GMod framework callback,function,server-or-shared,inventory-confirmed
lua/entities/acf_ammo/init.lua,42,SpawnMiniHEFlash,local,review-required,GMod framework callback,function,server-or-shared,inventory-confirmed
lua/entities/acf_ammo/init.lua,51,ScheduleFinalExplosion,local,review-required,GMod framework callback,function,server-or-shared,inventory-confirmed
lua/entities/acf_ammo/init.lua,57,GetCookoffConfig,local,review-required,GMod framework callback,function,server-or-shared,inventory-confirmed
lua/entities/acf_ammo/init.lua,111,ENT:Initialize,global,review-required,GMod framework callback,function,server-or-shared,review-required
lua/entities/acf_ammo/init.lua,155,ENT:ACF_Activate,global,review-required,GMod framework callback,function,server-or-shared,review-required
lua/entities/acf_ammo/init.lua,211,ENT:StartCookoff,global,review-required,GMod framework callback,function,server-or-shared,review-required
lua/entities/acf_ammo/init.lua,235,ENT:ACF_OnDamage,global,review-required,GMod framework callback,function,server-or-shared,review-required
lua/entities/acf_ammo/init.lua,300,ConvertStringScale,local,review-required,GMod framework callback,function,server-or-shared,inventory-confirmed
lua/entities/acf_ammo/init.lua,307,CreateLegacyScale,local,review-required,GMod framework callback,function,server-or-shared,inventory-confirmed
lua/entities/acf_ammo/init.lua,316,ACE.MakeAmmo,global,ACE.table,ACE.table,function,server-or-shared,inventory-confirmed
lua/entities/acf_ammo/init.lua,432,ENT:Update,global,review-required,GMod framework callback,function,server-or-shared,review-required
lua/entities/acf_ammo/init.lua,484,ENT:UpdateOverlayText,global,review-required,GMod framework callback,function,server-or-shared,review-required
lua/entities/acf_ammo/init.lua,572,ENT:CreateAmmo,global,review-required,GMod framework callback,function,server-or-shared,review-required
lua/entities/acf_ammo/init.lua,628,ENT:BuildAmmoCapacity,global,review-required,GMod framework callback,function,server-or-shared,review-required
lua/entities/acf_ammo/init.lua,719,ENT:UpdateMass,global,review-required,GMod framework callback,function,server-or-shared,review-required
lua/entities/acf_ammo/init.lua,739,ENT:GetInaccuracy,global,review-required,GMod framework callback,function,server-or-shared,review-required
lua/entities/acf_ammo/init.lua,752,ENT:TriggerInput,global,review-required,GMod framework callback,function,server-or-shared,review-required
lua/entities/acf_ammo/init.lua,772,ENT:FirstLoad,global,review-required,GMod framework callback,function,server-or-shared,review-required
lua/entities/acf_ammo/init.lua,785,ENT:Think,global,review-required,GMod framework callback,function,server-or-shared,review-required
lua/entities/acf_ammo/init.lua,876,,anonymous,review-required,GMod framework callback,anonymous-function,server-or-shared,review-required
lua/entities/acf_ammo/init.lua,882,,anonymous,review-required,GMod framework callback,anonymous-function,server-or-shared,review-required
lua/entities/acf_ammo/init.lua,933,,anonymous,review-required,GMod framework callback,anonymous-function,server-or-shared,review-required
lua/entities/acf_ammo/init.lua,962,,anonymous,review-required,GMod framework callback,anonymous-function,server-or-shared,review-required
lua/entities/acf_ammo/init.lua,1053,ENT:RefillEffect,global,review-required,GMod framework callback,function,server-or-shared,review-required
lua/entities/acf_ammo/init.lua,1061,ENT:StopRefillEffect,global,review-required,GMod framework callback,function,server-or-shared,review-required
lua/entities/acf_ammo/init.lua,1067,ENT:OnRemove,global,review-required,GMod framework callback,function,server-or-shared,review-required
lua/entities/acf_engine/cl_init.lua,6,ENT:Draw,global,review-required,GMod framework callback,function,shared-or-unknown,review-required
lua/entities/acf_engine/cl_init.lua,22,ACE.EngineGUI_Update,global,ACE.table,ACE.table,function,shared-or-unknown,inventory-confirmed
lua/entities/acf_engine/cl_init.lua,35,acemenupanel.CData.DisplayModel.LayoutEntity,global,review-required,GMod framework callback,function-assignment,shared-or-unknown,review-required
lua/entities/acf_engine/init.lua,24,ENT:Initialize,global,review-required,GMod framework callback,function,server-or-shared,review-required
lua/entities/acf_engine/init.lua,83,ACE.MakeEngine,global,ACE.table,ACE.table,function,server-or-shared,inventory-confirmed
lua/entities/acf_engine/init.lua,176,ENT:Update,global,review-required,GMod framework callback,function,server-or-shared,review-required
lua/entities/acf_engine/init.lua,252,ENT:UpdateOverlayText,global,review-required,GMod framework callback,function,server-or-shared,review-required
lua/entities/acf_engine/init.lua,287,ENT:FindSeatForDriver,global,review-required,GMod framework callback,function,server-or-shared,review-required
lua/entities/acf_engine/init.lua,323,ENT:TestDriverDistance,global,review-required,GMod framework callback,function,server-or-shared,review-required
lua/entities/acf_engine/init.lua,360,ENT:TriggerInput,global,review-required,GMod framework callback,function,server-or-shared,review-required
lua/entities/acf_engine/init.lua,440,ENT:ACF_Activate,global,review-required,GMod framework callback,function,server-or-shared,review-required
lua/entities/acf_engine/init.lua,486,ENT:ACF_OnDamage,global,review-required,GMod framework callback,function,server-or-shared,review-required
lua/entities/acf_engine/init.lua,494,ENT:IllegalCrewSeatRemove,global,review-required,GMod framework callback,function,server-or-shared,review-required
lua/entities/acf_engine/init.lua,502,ENT:Think,global,review-required,GMod framework callback,function,server-or-shared,review-required
lua/entities/acf_engine/init.lua,565,ENT:CalcMassRatio,global,review-required,GMod framework callback,function,server-or-shared,review-required
lua/entities/acf_engine/init.lua,629,ENT:ACFInit,global,review-required,GMod framework callback,function,server-or-shared,review-required
lua/entities/acf_engine/init.lua,639,ENT:GetMaxFuel,global,review-required,GMod framework callback,function,server-or-shared,review-required
lua/entities/acf_engine/init.lua,652,IsValidfueltank,local,review-required,GMod framework callback,function,server-or-shared,inventory-confirmed
lua/entities/acf_engine/init.lua,657,ENT:CalcRPM,global,review-required,GMod framework callback,function,server-or-shared,review-required
lua/entities/acf_engine/init.lua,805,ENT:CheckRopes,global,review-required,GMod framework callback,function,server-or-shared,review-required
lua/entities/acf_engine/init.lua,828,ENT:CheckFuel,global,review-required,GMod framework callback,function,server-or-shared,review-required
lua/entities/acf_engine/init.lua,843,ENT:Checkdriveshaft,global,review-required,GMod framework callback,function,server-or-shared,review-required
lua/entities/acf_engine/init.lua,891,ENT:Link,global,review-required,GMod framework callback,function,server-or-shared,review-required
lua/entities/acf_engine/init.lua,911,ENT:Unlink,global,review-required,GMod framework callback,function,server-or-shared,review-required
lua/entities/acf_engine/init.lua,931,ENT:LinkGearbox,global,review-required,GMod framework callback,function,server-or-shared,review-required
lua/entities/acf_engine/init.lua,966,ENT:UnlinkGearbox,global,review-required,GMod framework callback,function,server-or-shared,review-required
lua/entities/acf_engine/init.lua,992,ENT:LinkCrew,global,review-required,GMod framework callback,function,server-or-shared,review-required
lua/entities/acf_engine/init.lua,1014,ENT:UnlinkCrew,global,review-required,GMod framework callback,function,server-or-shared,review-required
lua/entities/acf_engine/init.lua,1028,ENT:LinkFuel,global,review-required,GMod framework callback,function,server-or-shared,review-required
lua/entities/acf_engine/init.lua,1054,ENT:UnlinkFuel,global,review-required,GMod framework callback,function,server-or-shared,review-required
lua/entities/acf_engine/init.lua,1070,ENT:PreEntityCopy,global,review-required,GMod framework callback,function,server-or-shared,review-required
lua/entities/acf_engine/init.lua,1125,ENT:PostEntityPaste,global,review-required,GMod framework callback,function,server-or-shared,review-required
lua/entities/acf_engine/init.lua,1132,,anonymous,review-required,GMod framework callback,anonymous-function,server-or-shared,review-required
lua/entities/acf_engine/init.lua,1173,ENT:OnRemove,global,review-required,GMod framework callback,function,server-or-shared,review-required
lua/entities/acf_explosive/init.lua,8,ENT:Initialize,global,review-required,GMod framework callback,function,server-or-shared,review-required
lua/entities/acf_explosive/init.lua,25,ENT:ACF_OnDamage,global,review-required,GMod framework callback,function,server-or-shared,review-required
lua/entities/acf_explosive/init.lua,38,ENT:TriggerInput,global,review-required,GMod framework callback,function,server-or-shared,review-required
lua/entities/acf_explosive/init.lua,44,ACE.MakeLegacyExplosive,global,ACE.table,ACE.table,function,server-or-shared,inventory-confirmed
lua/entities/acf_explosive/init.lua,73,ENT:CreateBomb,global,review-required,GMod framework callback,function,server-or-shared,review-required
lua/entities/acf_explosive/init.lua,101,ENT:SetModelEasy,global,review-required,GMod framework callback,function,server-or-shared,review-required
lua/entities/acf_explosive/init.lua,125,ENT:SetBulletData,global,review-required,GMod framework callback,function,server-or-shared,review-required
lua/entities/acf_explosive/init.lua,153,ENT:ConfigBulletDataShortForm,global,review-required,GMod framework callback,function,server-or-shared,review-required
lua/entities/acf_explosive/init.lua,169,ENT:Think,global,review-required,GMod framework callback,function,server-or-shared,review-required
lua/entities/acf_explosive/init.lua,178,ENT:Detonate,global,review-required,GMod framework callback,function,server-or-shared,review-required
lua/entities/acf_explosive/init.lua,200,,anonymous,review-required,GMod framework callback,anonymous-function,server-or-shared,review-required
lua/entities/acf_explosive/init.lua,209,ENT:DoReplicatedPropHit,global,review-required,GMod framework callback,function,server-or-shared,review-required
lua/entities/acf_explosive/init.lua,241,ENT:EnableClientInfo,global,review-required,GMod framework callback,function,server-or-shared,review-required
lua/entities/acf_explosive/init.lua,250,ENT:RefreshClientInfo,global,review-required,GMod framework callback,function,server-or-shared,review-required
lua/entities/acf_fakecrate2/cl_init.lua,2,ENT:Draw,global,review-required,GMod framework callback,function,shared-or-unknown,review-required
lua/entities/acf_fakecrate2/init.lua,5,ENT:Initialize,global,review-required,GMod framework callback,function,server-or-shared,review-required
lua/entities/acf_fakecrate2/init.lua,19,ENT:ACF_OnDamage,global,review-required,GMod framework callback,function,server-or-shared,review-required
lua/entities/acf_fakecrate2/init.lua,22,ENT:UpdateTransmitState,global,review-required,GMod framework callback,function,server-or-shared,review-required
lua/entities/acf_fakecrate2/init.lua,31,ENT:RegisterTo,global,review-required,GMod framework callback,function,server-or-shared,review-required
lua/entities/acf_fueltank/cl_init.lua,5,ENT:Draw,global,review-required,GMod framework callback,function,shared-or-unknown,review-required
lua/entities/acf_fueltank/cl_init.lua,33,CreateIdForCrate,local,review-required,GMod framework callback,function,shared-or-unknown,inventory-confirmed
lua/entities/acf_fueltank/cl_init.lua,51,ACE.FuelTankGUICreate,global,ACE.table,ACE.table,function,shared-or-unknown,inventory-confirmed
lua/entities/acf_fueltank/cl_init.lua,90,FuelTypeComboList.OnSelect,global,review-required,GMod framework callback,function-assignment,shared-or-unknown,review-required
lua/entities/acf_fueltank/cl_init.lua,112,CrateNewCat:OnToggle,global,review-required,GMod framework callback,function,shared-or-unknown,review-required
lua/entities/acf_fueltank/cl_init.lua,130,CrateOldCat:OnToggle,global,review-required,GMod framework callback,function,shared-or-unknown,review-required
lua/entities/acf_fueltank/cl_init.lua,162,ShapeComboList.OnSelect,global,review-required,GMod framework callback,function-assignment,shared-or-unknown,review-required
lua/entities/acf_fueltank/cl_init.lua,181,LenghtSlider:OnValueChanged,global,review-required,GMod framework callback,function,shared-or-unknown,review-required
lua/entities/acf_fueltank/cl_init.lua,196,WidthSlider:OnValueChanged,global,review-required,GMod framework callback,function,shared-or-unknown,review-required
lua/entities/acf_fueltank/cl_init.lua,211,HeightSlider:OnValueChanged,global,review-required,GMod framework callback,function,shared-or-unknown,review-required
lua/entities/acf_fueltank/cl_init.lua,231,LegacyCheck:OnChange,global,review-required,GMod framework callback,function,shared-or-unknown,review-required
lua/entities/acf_fueltank/cl_init.lua,251,FuelTankComboList.OnSelect,global,review-required,GMod framework callback,function-assignment,shared-or-unknown,review-required
lua/entities/acf_fueltank/cl_init.lua,280,acemenupanel.CData.DisplayModel.LayoutEntity,global,review-required,GMod framework callback,function-assignment,shared-or-unknown,review-required
lua/entities/acf_fueltank/cl_init.lua,292,ACE.FuelTankGUIUpdate,global,ACE.table,ACE.table,function,shared-or-unknown,inventory-confirmed
lua/entities/acf_fueltank/init.lua,22,ENT:Initialize,global,review-required,GMod framework callback,function,server-or-shared,review-required
lua/entities/acf_fueltank/init.lua,64,ENT:ACF_Activate,global,review-required,GMod framework callback,function,server-or-shared,review-required
lua/entities/acf_fueltank/init.lua,101,ENT:ACF_OnDamage,global,review-required,GMod framework callback,function,server-or-shared,review-required
lua/entities/acf_fueltank/init.lua,136,,anonymous,review-required,GMod framework callback,anonymous-function,server-or-shared,review-required
lua/entities/acf_fueltank/init.lua,154,ConvertStringScale,local,review-required,GMod framework callback,function,server-or-shared,inventory-confirmed
lua/entities/acf_fueltank/init.lua,161,ACE.MakeFuelTank,global,ACE.table,ACE.table,function,server-or-shared,inventory-confirmed
lua/entities/acf_fueltank/init.lua,258,ENT:UpdateFuelTank,global,review-required,GMod framework callback,function,server-or-shared,review-required
lua/entities/acf_fueltank/init.lua,332,ENT:UpdateOverlayText,global,review-required,GMod framework callback,function,server-or-shared,review-required
lua/entities/acf_fueltank/init.lua,372,ENT:UpdateFuelMass,global,review-required,GMod framework callback,function,server-or-shared,review-required
lua/entities/acf_fueltank/init.lua,395,ENT:Update,global,review-required,GMod framework callback,function,server-or-shared,review-required
lua/entities/acf_fueltank/init.lua,413,ENT:TriggerInput,global,review-required,GMod framework callback,function,server-or-shared,review-required
lua/entities/acf_fueltank/init.lua,429,ENT:Think,global,review-required,GMod framework callback,function,server-or-shared,review-required
lua/entities/acf_fueltank/init.lua,495,ENT:OnRemove,global,review-required,GMod framework callback,function,server-or-shared,review-required
lua/entities/acf_gearbox/cl_init.lua,5,ENT:Draw,global,review-required,GMod framework callback,function,shared-or-unknown,review-required
lua/entities/acf_gearbox/cl_init.lua,21,ACE.GearboxGUICreate,global,ACE.table,ACE.table,function,shared-or-unknown,inventory-confirmed
lua/entities/acf_gearbox/cl_init.lua,25,acemenupanel.Serialize,global,review-required,GMod framework callback,function-assignment,shared-or-unknown,review-required
lua/entities/acf_gearbox/cl_init.lua,55,acemenupanel.CData.DisplayModel.LayoutEntity,global,review-required,GMod framework callback,function-assignment,shared-or-unknown,review-required
lua/entities/acf_gearbox/cl_init.lua,70,acemenupanel.CData.UnitsInput.OnSelect,global,review-required,GMod framework callback,function-assignment,shared-or-unknown,review-required
lua/entities/acf_gearbox/cl_init.lua,101,InvertButton.DoClick,global,review-required,GMod framework callback,function-assignment,shared-or-unknown,review-required
lua/entities/acf_gearbox/cl_init.lua,129,acemenupanel.CData.ShiftGenPanel.Calc.DoClick,global,review-required,GMod framework callback,function-assignment,shared-or-unknown,review-required
lua/entities/acf_gearbox/cl_init.lua,207,ACE.GearsSlider,global,ACE.table,ACE.table,function,shared-or-unknown,inventory-confirmed
lua/entities/acf_gearbox/cl_init.lua,223,,anonymous,review-required,GMod framework callback,anonymous-function,shared-or-unknown,review-required
lua/entities/acf_gearbox/cl_init.lua,231,ACE.ShiftPoint,global,ACE.table,ACE.table,function,shared-or-unknown,inventory-confirmed
lua/entities/acf_gearbox/cl_init.lua,250,,anonymous,review-required,GMod framework callback,anonymous-function,shared-or-unknown,review-required
lua/entities/acf_gearbox/init.lua,17,ENT:Initialize,global,review-required,GMod framework callback,function,server-or-shared,review-required
lua/entities/acf_gearbox/init.lua,56,ACE.MakeGearbox,global,ACE.table,ACE.table,function,server-or-shared,inventory-confirmed
lua/entities/acf_gearbox/init.lua,212,ENT:Update,global,review-required,GMod framework callback,function,server-or-shared,review-required
lua/entities/acf_gearbox/init.lua,338,ENT:UpdateOverlayText,global,review-required,GMod framework callback,function,server-or-shared,review-required
lua/entities/acf_gearbox/init.lua,369,ENT:CanProperty,global,review-required,GMod framework callback,function,server-or-shared,review-required
lua/entities/acf_gearbox/init.lua,377,ENT:TriggerInput,global,review-required,GMod framework callback,function,server-or-shared,review-required
lua/entities/acf_gearbox/init.lua,423,ENT:Think,global,review-required,GMod framework callback,function,server-or-shared,review-required
lua/entities/acf_gearbox/init.lua,444,ENT:CheckRopes,global,review-required,GMod framework callback,function,server-or-shared,review-required
lua/entities/acf_gearbox/init.lua,475,ENT:CheckEnts,global,review-required,GMod framework callback,function,server-or-shared,review-required
lua/entities/acf_gearbox/init.lua,495,ENT:Calc,global,review-required,GMod framework callback,function,server-or-shared,review-required
lua/entities/acf_gearbox/init.lua,590,ENT:CalcWheel,global,review-required,GMod framework callback,function,server-or-shared,review-required
lua/entities/acf_gearbox/init.lua,605,ENT:Act,global,review-required,GMod framework callback,function,server-or-shared,review-required
lua/entities/acf_gearbox/init.lua,658,ENT:ActWheel,global,review-required,GMod framework callback,function,server-or-shared,review-required
lua/entities/acf_gearbox/init.lua,671,ENT:ChangeGear,global,review-required,GMod framework callback,function,server-or-shared,review-required
lua/entities/acf_gearbox/init.lua,687,ENT:ChangeDrive,global,review-required,GMod framework callback,function,server-or-shared,review-required
lua/entities/acf_gearbox/init.lua,711,ENT:Checkdriveshaft,global,review-required,GMod framework callback,function,server-or-shared,review-required
lua/entities/acf_gearbox/init.lua,758,ENT:Link,global,review-required,GMod framework callback,function,server-or-shared,review-required
lua/entities/acf_gearbox/init.lua,816,ENT:Unlink,global,review-required,GMod framework callback,function,server-or-shared,review-required
lua/entities/acf_gearbox/init.lua,845,ENT:PreEntityCopy,global,review-required,GMod framework callback,function,server-or-shared,review-required
lua/entities/acf_gearbox/init.lua,873,ENT:PostEntityPaste,global,review-required,GMod framework callback,function,server-or-shared,review-required
lua/entities/acf_gearbox/init.lua,880,,anonymous,review-required,GMod framework callback,anonymous-function,server-or-shared,review-required
lua/entities/acf_gearbox/init.lua,896,ENT:OnRemove,global,review-required,GMod framework callback,function,server-or-shared,review-required
lua/entities/acf_gun/cl_init.lua,7,ENT:Initialize,global,review-required,GMod framework callback,function,shared-or-unknown,review-required
lua/entities/acf_gun/cl_init.lua,21,ENT:Draw,global,review-required,GMod framework callback,function,shared-or-unknown,review-required
lua/entities/acf_gun/cl_init.lua,37,ENT:Think,global,review-required,GMod framework callback,function,shared-or-unknown,review-required
lua/entities/acf_gun/cl_init.lua,59,ENT:Animate,global,review-required,GMod framework callback,function,shared-or-unknown,review-required
lua/entities/acf_gun/cl_init.lua,82,ACE.GunGUICreate,global,ACE.table,ACE.table,function,shared-or-unknown,inventory-confirmed
lua/entities/acf_gun/cl_init.lua,95,GunDisplay.LayoutEntity,global,review-required,GMod framework callback,function-assignment,shared-or-unknown,review-required
lua/entities/acf_gun/init.lua,13,AttemptFirstLoad,local,review-required,GMod framework callback,function,server-or-shared,inventory-confirmed
lua/entities/acf_gun/init.lua,25,GetGunReloadTime,local,review-required,GMod framework callback,function,server-or-shared,inventory-confirmed
lua/entities/acf_gun/init.lua,58,RefreshGunRateOfFire,local,review-required,GMod framework callback,function,server-or-shared,inventory-confirmed
lua/entities/acf_gun/init.lua,79,ENT:Initialize,global,review-required,GMod framework callback,function,server-or-shared,review-required
lua/entities/acf_gun/init.lua,123,,anonymous,review-required,GMod framework callback,anonymous-function,server-or-shared,review-required
lua/entities/acf_gun/init.lua,203,ACE.MakeGun,global,ACE.table,ACE.table,function,server-or-shared,inventory-confirmed
lua/entities/acf_gun/init.lua,327,,anonymous,review-required,GMod framework callback,anonymous-function,server-or-shared,review-required
lua/entities/acf_gun/init.lua,355,ENT:UpdateOverlayText,global,review-required,GMod framework callback,function,server-or-shared,review-required
lua/entities/acf_gun/init.lua,409,IsInRetDist,local,review-required,GMod framework callback,function,server-or-shared,inventory-confirmed
lua/entities/acf_gun/init.lua,420,BreakGunLink,local,review-required,GMod framework callback,function,server-or-shared,inventory-confirmed
lua/entities/acf_gun/init.lua,425,ENT:Link,global,review-required,GMod framework callback,function,server-or-shared,review-required
lua/entities/acf_gun/init.lua,540,,anonymous,review-required,GMod framework callback,anonymous-function,server-or-shared,review-required
lua/entities/acf_gun/init.lua,559,ENT:Unlink,global,review-required,GMod framework callback,function,server-or-shared,review-required
lua/entities/acf_gun/init.lua,595,ENT:CanProperty,global,review-required,GMod framework callback,function,server-or-shared,review-required
lua/entities/acf_gun/init.lua,601,,anonymous,review-required,GMod framework callback,anonymous-function,server-or-shared,review-required
lua/entities/acf_gun/init.lua,616,ENT:TriggerInput,global,review-required,GMod framework callback,function,server-or-shared,review-required
lua/entities/acf_gun/init.lua,667,ENT:Heat_Function,global,review-required,GMod framework callback,function,server-or-shared,review-required
lua/entities/acf_gun/init.lua,705,ENT:TrimDistantCrates,global,review-required,GMod framework callback,function,server-or-shared,review-required
lua/entities/acf_gun/init.lua,715,ENT:TrimDistantCrewSeats,global,review-required,GMod framework callback,function,server-or-shared,review-required
lua/entities/acf_gun/init.lua,723,ENT:Think,global,review-required,GMod framework callback,function,server-or-shared,review-required
lua/entities/acf_gun/init.lua,862,ENT:ReloadMag,global,review-required,GMod framework callback,function,server-or-shared,review-required
lua/entities/acf_gun/init.lua,890,ENT:GetInaccuracy,global,review-required,GMod framework callback,function,server-or-shared,review-required
lua/entities/acf_gun/init.lua,918,ENT:ChooseLoader,global,review-required,GMod framework callback,function,server-or-shared,review-required
lua/entities/acf_gun/init.lua,949,ENT:FireShell,global,review-required,GMod framework callback,function,server-or-shared,review-required
lua/entities/acf_gun/init.lua,1035,,anonymous,review-required,GMod framework callback,anonymous-function,server-or-shared,review-required
lua/entities/acf_gun/init.lua,1052,ENT:FindNextCrate,global,review-required,GMod framework callback,function,server-or-shared,review-required
lua/entities/acf_gun/init.lua,1075,ENT:LoadAmmo,global,review-required,GMod framework callback,function,server-or-shared,review-required
lua/entities/acf_gun/init.lua,1137,ENT:UnloadAmmo,global,review-required,GMod framework callback,function,server-or-shared,review-required
lua/entities/acf_gun/init.lua,1162,ENT:MuzzleEffect,global,review-required,GMod framework callback,function,server-or-shared,review-required
lua/entities/acf_gun/init.lua,1173,,anonymous,review-required,GMod framework callback,anonymous-function,server-or-shared,review-required
lua/entities/acf_gun/init.lua,1178,ENT:ReloadEffect,global,review-required,GMod framework callback,function,server-or-shared,review-required
lua/entities/acf_gun/init.lua,1189,ENT:PreEntityCopy,global,review-required,GMod framework callback,function,server-or-shared,review-required
lua/entities/acf_gun/init.lua,1219,ENT:PostEntityPaste,global,review-required,GMod framework callback,function,server-or-shared,review-required
lua/entities/acf_missile_to_rack/init.lua,7,ENT:Initialize,global,review-required,GMod framework callback,function,server-or-shared,review-required
lua/entities/acf_missile_to_rack/init.lua,16,ENT:Think,global,review-required,GMod framework callback,function,server-or-shared,review-required
lua/entities/acf_missile_to_rack/init.lua,53,ENT:UpdateTransmitState,global,review-required,GMod framework callback,function,server-or-shared,review-required
lua/entities/acf_missile_to_rack/init.lua,62,ACE.MakeMissileToRack,global,ACE.table,ACE.table,function,server-or-shared,inventory-confirmed
lua/entities/acf_missileradar/cl_init.lua,7,ENT:Initialize,global,review-required,GMod framework callback,function,shared-or-unknown,review-required
lua/entities/acf_missileradar/cl_init.lua,13,ENT:Draw,global,review-required,GMod framework callback,function,shared-or-unknown,review-required
lua/entities/acf_missileradar/cl_init.lua,28,ACE.RadarGUICreate,global,ACE.table,ACE.table,function,shared-or-unknown,inventory-confirmed
lua/entities/acf_missileradar/cl_init.lua,41,RadarMenu.LayoutEntity,global,review-required,GMod framework callback,function-assignment,shared-or-unknown,review-required
lua/entities/acf_missileradar/init.lua,25,ENT:Initialize,global,review-required,GMod framework callback,function,server-or-shared,review-required
lua/entities/acf_missileradar/init.lua,83,ENT:ConfigureForClass,global,review-required,GMod framework callback,function,server-or-shared,review-required
lua/entities/acf_missileradar/init.lua,96,ENT:TriggerInput,global,review-required,GMod framework callback,function,server-or-shared,review-required
lua/entities/acf_missileradar/init.lua,105,ENT:SetActive,global,review-required,GMod framework callback,function,server-or-shared,review-required
lua/entities/acf_missileradar/init.lua,136,ACE.MakeMissileRadar,global,ACE.table,ACE.table,function,server-or-shared,inventory-confirmed
lua/entities/acf_missileradar/init.lua,186,ENT:CreateRadar,global,review-required,GMod framework callback,function,server-or-shared,review-required
lua/entities/acf_missileradar/init.lua,195,ENT:RefreshClientInfo,global,review-required,GMod framework callback,function,server-or-shared,review-required
lua/entities/acf_missileradar/init.lua,204,ENT:SetModelEasy,global,review-required,GMod framework callback,function,server-or-shared,review-required
lua/entities/acf_missileradar/init.lua,221,ENT:Think,global,review-required,GMod framework callback,function,server-or-shared,review-required
lua/entities/acf_missileradar/init.lua,268,ENT:UpdateStatus,global,review-required,GMod framework callback,function,server-or-shared,review-required
lua/entities/acf_missileradar/init.lua,277,ENT:GetDetectedEnts,global,review-required,GMod framework callback,function,server-or-shared,review-required
lua/entities/acf_missileradar/init.lua,283,ENT:ScanForMissiles,global,review-required,GMod framework callback,function,server-or-shared,review-required
lua/entities/acf_missileradar/init.lua,363,ENT:EmitRadarSound,global,review-required,GMod framework callback,function,server-or-shared,review-required
lua/entities/acf_missileradar/init.lua,369,ENT:ClearOutputs,global,review-required,GMod framework callback,function,server-or-shared,review-required
lua/entities/acf_missileradar/init.lua,400,ENT:EnableClientInfo,global,review-required,GMod framework callback,function,server-or-shared,review-required
lua/entities/acf_missileradar/init.lua,409,ENT:GetOverlayText,global,review-required,GMod framework callback,function,server-or-shared,review-required
lua/entities/acf_missileradar/radar_types_support.lua,7,GetDetectedEnts,global,review-required,GMod framework callback,function-assignment,server-or-shared,review-required
lua/entities/acf_missileradar/radar_types_support.lua,15,GetDetectedEnts,global,review-required,GMod framework callback,function-assignment,server-or-shared,review-required
lua/entities/acf_opticalcomputer/cl_init.lua,2,ENT:Draw,global,review-required,GMod framework callback,function,shared-or-unknown,review-required
lua/entities/acf_opticalcomputer/init.lua,5,ENT:SpawnFunction,global,review-required,GMod framework callback,function,server-or-shared,review-required
lua/entities/acf_opticalcomputer/init.lua,19,ENT:Initialize,global,review-required,GMod framework callback,function,server-or-shared,review-required
lua/entities/acf_opticalcomputer/init.lua,33,ENT:Think,global,review-required,GMod framework callback,function,server-or-shared,review-required
lua/entities/acf_rack/cl_init.lua,8,ENT:Initialize,global,review-required,GMod framework callback,function,shared-or-unknown,review-required
lua/entities/acf_rack/cl_init.lua,14,ENT:Draw,global,review-required,GMod framework callback,function,shared-or-unknown,review-required
lua/entities/acf_rack/init.lua,37,ENT:Initialize,global,review-required,GMod framework callback,function,server-or-shared,review-required
lua/entities/acf_rack/init.lua,122,,anonymous,review-required,GMod framework callback,anonymous-function,server-or-shared,review-required
lua/entities/acf_rack/init.lua,126,ACE.MakeRack,global,ACE.table,ACE.table,function,server-or-shared,inventory-confirmed
lua/entities/acf_rack/init.lua,217,ENT:TriggerInput,global,review-required,GMod framework callback,function,server-or-shared,review-required
lua/entities/acf_rack/init.lua,274,ENT:UpdateValidMissiles,global,review-required,GMod framework callback,function,server-or-shared,review-required
lua/entities/acf_rack/init.lua,324,ENT:Think,global,review-required,GMod framework callback,function,server-or-shared,review-required
lua/entities/acf_rack/init.lua,412,ENT:ShootMissile,global,review-required,GMod framework callback,function,server-or-shared,review-required
lua/entities/acf_rack/init.lua,493,ENT:Reload,global,review-required,GMod framework callback,function,server-or-shared,review-required
lua/entities/acf_rack/init.lua,555,ENT:AddMissile,global,review-required,GMod framework callback,function,server-or-shared,review-required
lua/entities/acf_rack/init.lua,703,ENT:FindNextCrate,global,review-required,GMod framework callback,function,server-or-shared,review-required
lua/entities/acf_rack/init.lua,732,ENT:CanReload,global,review-required,GMod framework callback,function,server-or-shared,review-required
lua/entities/acf_rack/init.lua,749,ENT:SetLoadedWeight,global,review-required,GMod framework callback,function,server-or-shared,review-required
lua/entities/acf_rack/init.lua,766,ENT:LoadAmmo,global,review-required,GMod framework callback,function,server-or-shared,review-required
lua/entities/acf_rack/init.lua,809,ENT:PreEntityCopy,global,review-required,GMod framework callback,function,server-or-shared,review-required
lua/entities/acf_rack/init.lua,831,ENT:PostEntityPaste,global,review-required,GMod framework callback,function,server-or-shared,review-required
lua/entities/acf_rack/init.lua,859,ENT:OnRemove,global,review-required,GMod framework callback,function,server-or-shared,review-required
lua/entities/acf_rack/init.lua,863,ENT:OnRestore,global,review-required,GMod framework callback,function,server-or-shared,review-required
lua/entities/acf_rack/init.lua,867,ENT:GetOverlayText,global,review-required,GMod framework callback,function,server-or-shared,review-required
lua/entities/acf_rack/init.lua,936,ENT:CanLoadCaliber,global,review-required,GMod framework callback,function,server-or-shared,review-required
lua/entities/acf_rack/init.lua,946,ENT:CanLinkCrate,global,review-required,GMod framework callback,function,server-or-shared,review-required
lua/entities/acf_rack/init.lua,988,ENT:Link,global,review-required,GMod framework callback,function,server-or-shared,review-required
lua/entities/acf_rack/init.lua,1020,ENT:Unlink,global,review-required,GMod framework callback,function,server-or-shared,review-required
lua/entities/acf_rack/init.lua,1044,ACE.RetDist,global,ACE.table,ACE.table,function,server-or-shared,inventory-confirmed
lua/entities/acf_rack/init.lua,1050,ENT:SetStatusString,global,review-required,GMod framework callback,function,server-or-shared,review-required
lua/entities/acf_rack/init.lua,1080,ENT:TrimDistantCrates,global,review-required,GMod framework callback,function,server-or-shared,review-required
lua/entities/acf_rack/init.lua,1100,ACE.BulletDataMath,global,ACE.table,ACE.table,function,server-or-shared,inventory-confirmed
lua/entities/acf_rack/init.lua,1219,ACE.UpdateMissileSkin,global,ACE.table,ACE.table,function,server-or-shared,inventory-confirmed
lua/entities/acf_rack/init.lua,1235,ACE.UpdateMissileBodygroups,global,ACE.table,ACE.table,function,server-or-shared,inventory-confirmed
lua/entities/acf_rack/init.lua,1260,ACE.ApplyBodySubgroup,global,ACE.table,ACE.table,function,server-or-shared,inventory-confirmed
lua/entities/acf_rack/init.lua,1272,ENT:UpdateRefillBonus,global,review-required,GMod framework callback,function,server-or-shared,review-required
lua/entities/acf_rack/init.lua,1311,ENT:ACF_OnDamage,global,review-required,GMod framework callback,function,server-or-shared,review-required
lua/entities/acf_rack/shared.lua,9,VerifyMountData,local,review-required,GMod framework callback,function,server-or-shared,inventory-confirmed
lua/entities/acf_rack/shared.lua,18,ENT:GetMunitionAngPos,global,review-required,GMod framework callback,function,server-or-shared,review-required
lua/entities/acf_rack/shared.lua,40,ENT:GetMuzzle,global,review-required,GMod framework callback,function,server-or-shared,review-required
lua/entities/gmod_wire_expression2/core/custom/acf.lua,9,isACF,local,review-required,external consumer,function,server-or-shared,review-required
lua/entities/gmod_wire_expression2/core/custom/acf.lua,18,isEngine,local,review-required,external consumer,function,server-or-shared,review-required
lua/entities/gmod_wire_expression2/core/custom/acf.lua,23,isGearbox,local,review-required,external consumer,function,server-or-shared,review-required
lua/entities/gmod_wire_expression2/core/custom/acf.lua,28,isGun,local,review-required,external consumer,function,server-or-shared,review-required
lua/entities/gmod_wire_expression2/core/custom/acf.lua,33,isRack,local,review-required,external consumer,function,server-or-shared,review-required
lua/entities/gmod_wire_expression2/core/custom/acf.lua,38,isAmmo,local,review-required,external consumer,function,server-or-shared,review-required
lua/entities/gmod_wire_expression2/core/custom/acf.lua,43,isFuel,local,review-required,external consumer,function,server-or-shared,review-required
lua/entities/gmod_wire_expression2/core/custom/acf.lua,48,CalcArmor,local,review-required,external consumer,function,server-or-shared,review-required
lua/entities/gmod_wire_expression2/core/custom/acf.lua,65,E2SetACEArmor,local,review-required,external consumer,function,server-or-shared,review-required
lua/entities/gmod_wire_expression2/core/custom/acf.lua,109,isRadar,local,review-required,external consumer,function,server-or-shared,review-required
lua/entities/gmod_wire_expression2/core/custom/acf.lua,114,hasActiveInput,local,review-required,external consumer,function,server-or-shared,review-required
lua/entities/gmod_wire_expression2/core/custom/acf.lua,121,restrictInfo,local,review-required,external consumer,function,server-or-shared,review-required
lua/entities/gmod_wire_expression2/core/custom/acf.lua,130,isLinkableACFEnt,local,review-required,external consumer,function,server-or-shared,review-required
lua/entities/gmod_wire_expression2/core/custom/acf.lua,145,getLinks,local,review-required,external consumer,function,server-or-shared,review-required
lua/entities/gmod_wire_expression2/core/custom/acf.lua,165,searchForGearboxLinks,local,review-required,external consumer,function,server-or-shared,review-required
lua/starfall/libs_sv/acf.lua,22,isEngine,local,review-required,external consumer,function,shared-or-unknown,review-required
lua/starfall/libs_sv/acf.lua,26,isGearbox,local,review-required,external consumer,function,shared-or-unknown,review-required
lua/starfall/libs_sv/acf.lua,30,isGun,local,review-required,external consumer,function,shared-or-unknown,review-required
lua/starfall/libs_sv/acf.lua,34,isAmmo,local,review-required,external consumer,function,shared-or-unknown,review-required
lua/starfall/libs_sv/acf.lua,38,isFuel,local,review-required,external consumer,function,shared-or-unknown,review-required
lua/starfall/libs_sv/acf.lua,42,CalcArmor,local,review-required,external consumer,function,shared-or-unknown,review-required
lua/starfall/libs_sv/acf.lua,60,E2SetACEArmor,local,review-required,external consumer,function,shared-or-unknown,review-required
lua/starfall/libs_sv/acf.lua,104,isRadar,local,review-required,external consumer,function,shared-or-unknown,review-required
lua/starfall/libs_sv/acf.lua,108,hasActiveInput,local,review-required,external consumer,function,shared-or-unknown,review-required
lua/starfall/libs_sv/acf.lua,123,getLinks,local,review-required,external consumer,function,shared-or-unknown,review-required
lua/starfall/libs_sv/acf.lua,142,searchForGearboxLinks,local,review-required,external consumer,function,shared-or-unknown,review-required
lua/starfall/libs_sv/acf.lua,162,,anonymous,review-required,external consumer,anonymous-function,shared-or-unknown,review-required
lua/starfall/libs_sv/acf.lua,171,restrictInfo,local,review-required,external consumer,function,shared-or-unknown,review-required
lua/starfall/libs_sv/acf.lua,181,listIDFromName,local,review-required,external consumer,function,shared-or-unknown,review-required
lua/starfall/libs_sv/acf.lua,195,,anonymous,review-required,external consumer,anonymous-function,shared-or-unknown,review-required
lua/starfall/libs_sv/acf.lua,200,acf_library.dragDivisor,global,review-required,external consumer,function,shared-or-unknown,review-required
lua/starfall/libs_sv/acf.lua,206,acf_library.infoRestricted,global,review-required,external consumer,function,shared-or-unknown,review-required
lua/starfall/libs_sv/acf.lua,213,acf_library.getVersion,global,review-required,external consumer,function,shared-or-unknown,review-required
lua/starfall/libs_sv/acf.lua,220,acf_library.getCurrentVersion,global,review-required,external consumer,function,shared-or-unknown,review-required
lua/starfall/libs_sv/acf.lua,227,acf_library.getHEATAirGapFactor,global,review-required,external consumer,function,shared-or-unknown,review-required
lua/starfall/libs_sv/acf.lua,234,acf_library.getWindVector,global,review-required,external consumer,function,shared-or-unknown,review-required
lua/starfall/libs_sv/acf.lua,241,ents_methods:acfIsInfoRestricted,global,review-required,external consumer,function,shared-or-unknown,review-required
lua/starfall/libs_sv/acf.lua,248,ents_methods:acfNameShort,global,review-required,external consumer,function,shared-or-unknown,review-required
lua/starfall/libs_sv/acf.lua,263,ents_methods:acfCapacity,global,review-required,external consumer,function,shared-or-unknown,review-required
lua/starfall/libs_sv/acf.lua,275,ents_methods:acfGetActive,global,review-required,external consumer,function,shared-or-unknown,review-required
lua/starfall/libs_sv/acf.lua,292,ents_methods:acfSetActive,global,review-required,external consumer,function,shared-or-unknown,review-required
lua/starfall/libs_sv/acf.lua,306,ents_methods:acfHitClip,global,review-required,external consumer,function,shared-or-unknown,review-required
lua/starfall/libs_sv/acf.lua,324,ents_methods:acfLinks,global,review-required,external consumer,function,shared-or-unknown,review-required
lua/starfall/libs_sv/acf.lua,336,ents_methods:acfName,global,review-required,external consumer,function,shared-or-unknown,review-required
lua/starfall/libs_sv/acf.lua,357,ents_methods:acfType,global,review-required,external consumer,function,shared-or-unknown,review-required
lua/starfall/libs_sv/acf.lua,377,ents_methods:acfLinkTo,global,review-required,external consumer,function,shared-or-unknown,review-required
lua/starfall/libs_sv/acf.lua,417,ents_methods:acfUnlinkFrom,global,review-required,external consumer,function,shared-or-unknown,review-required
lua/starfall/libs_sv/acf.lua,457,ents_methods:acfHeat,global,review-required,external consumer,function,shared-or-unknown,review-required
lua/starfall/libs_sv/acf.lua,478,ents_methods:acfGetCrew,global,review-required,external consumer,function,shared-or-unknown,review-required
lua/starfall/libs_sv/acf.lua,504,acf_library.effectiveArmor,global,review-required,external consumer,function,shared-or-unknown,review-required
lua/starfall/libs_sv/acf.lua,515,ents_methods:acfPropHealth,global,review-required,external consumer,function,shared-or-unknown,review-required
lua/starfall/libs_sv/acf.lua,528,ents_methods:acfPropArmor,global,review-required,external consumer,function,shared-or-unknown,review-required
lua/starfall/libs_sv/acf.lua,541,ents_methods:acfPropHealthMax,global,review-required,external consumer,function,shared-or-unknown,review-required
lua/starfall/libs_sv/acf.lua,554,ents_methods:acfPropArmorMax,global,review-required,external consumer,function,shared-or-unknown,review-required
lua/starfall/libs_sv/acf.lua,567,ents_methods:acfPropDuctility,global,review-required,external consumer,function,shared-or-unknown,review-required
lua/starfall/libs_sv/acf.lua,580,ents_methods:acfPropArmorData,global,review-required,external consumer,function,shared-or-unknown,review-required
lua/starfall/libs_sv/acf.lua,605,ents_methods:aceSetArmorProperties,global,review-required,external consumer,function,shared-or-unknown,review-required
lua/starfall/libs_sv/acf.lua,639,,anonymous,review-required,external consumer,anonymous-function,shared-or-unknown,review-required
lua/starfall/libs_sv/acf.lua,667,acf_library.getGunSpecs,global,review-required,external consumer,function,shared-or-unknown,review-required
lua/starfall/libs_sv/acf.lua,691,acf_library.getAllGuns,global,review-required,external consumer,function,shared-or-unknown,review-required
lua/starfall/libs_sv/acf.lua,704,ents_methods:acfIsGun,global,review-required,external consumer,function,shared-or-unknown,review-required
lua/starfall/libs_sv/acf.lua,711,ents_methods:acfReady,global,review-required,external consumer,function,shared-or-unknown,review-required
lua/starfall/libs_sv/acf.lua,723,ents_methods:acfMagSize,global,review-required,external consumer,function,shared-or-unknown,review-required
lua/starfall/libs_sv/acf.lua,735,ents_methods:acfSpread,global,review-required,external consumer,function,shared-or-unknown,review-required
lua/starfall/libs_sv/acf.lua,752,ents_methods:acfIsReloading,global,review-required,external consumer,function,shared-or-unknown,review-required
lua/starfall/libs_sv/acf.lua,764,ents_methods:acfFireRate,global,review-required,external consumer,function,shared-or-unknown,review-required
lua/starfall/libs_sv/acf.lua,776,ents_methods:acfMagRounds,global,review-required,external consumer,function,shared-or-unknown,review-required
lua/starfall/libs_sv/acf.lua,791,ents_methods:acfFire,global,review-required,external consumer,function,shared-or-unknown,review-required
lua/starfall/libs_sv/acf.lua,804,ents_methods:acfSetROFLimit,global,review-required,external consumer,function,shared-or-unknown,review-required
lua/starfall/libs_sv/acf.lua,817,ents_methods:acfUnload,global,review-required,external consumer,function,shared-or-unknown,review-required
lua/starfall/libs_sv/acf.lua,828,ents_methods:acfReload,global,review-required,external consumer,function,shared-or-unknown,review-required
lua/starfall/libs_sv/acf.lua,843,ents_methods:acfAmmoCount,global,review-required,external consumer,function,shared-or-unknown,review-required
lua/starfall/libs_sv/acf.lua,862,ents_methods:acfTotalAmmoCount,global,review-required,external consumer,function,shared-or-unknown,review-required
lua/starfall/libs_sv/acf.lua,881,ents_methods:acfReloadTime,global,review-required,external consumer,function,shared-or-unknown,review-required
lua/starfall/libs_sv/acf.lua,892,ents_methods:acfReloadProgress,global,review-required,external consumer,function,shared-or-unknown,review-required
lua/starfall/libs_sv/acf.lua,914,ents_methods:acfMagReloadTime,global,review-required,external consumer,function,shared-or-unknown,review-required
lua/starfall/libs_sv/acf.lua,925,ents_methods:acfState,global,review-required,external consumer,function,shared-or-unknown,review-required
lua/starfall/libs_sv/acf.lua,954,ents_methods:acfIsAmmo,global,review-required,external consumer,function,shared-or-unknown,review-required
lua/starfall/libs_sv/acf.lua,960,ents_methods:acfRounds,global,review-required,external consumer,function,shared-or-unknown,review-required
lua/starfall/libs_sv/acf.lua,972,ents_methods:acfRoundType,global,review-required,external consumer,function,shared-or-unknown,review-required
lua/starfall/libs_sv/acf.lua,985,ents_methods:acfAmmoType,global,review-required,external consumer,function,shared-or-unknown,review-required
lua/starfall/libs_sv/acf.lua,996,ents_methods:acfCaliber,global,review-required,external consumer,function,shared-or-unknown,review-required
lua/starfall/libs_sv/acf.lua,1007,ents_methods:acfMuzzleVel,global,review-required,external consumer,function,shared-or-unknown,review-required
lua/starfall/libs_sv/acf.lua,1018,ents_methods:acfProjectileMass,global,review-required,external consumer,function,shared-or-unknown,review-required
lua/starfall/libs_sv/acf.lua,1029,ents_methods:acfFLSpikes,global,review-required,external consumer,function,shared-or-unknown,review-required
lua/starfall/libs_sv/acf.lua,1041,ents_methods:acfFLSpikeMass,global,review-required,external consumer,function,shared-or-unknown,review-required
lua/starfall/libs_sv/acf.lua,1053,ents_methods:acfFLSpikeRadius,global,review-required,external consumer,function,shared-or-unknown,review-required
lua/starfall/libs_sv/acf.lua,1065,ents_methods:acfPenetration,global,review-required,external consumer,function,shared-or-unknown,review-required
lua/starfall/libs_sv/acf.lua,1077,ents_methods:acfBlastRadius,global,review-required,external consumer,function,shared-or-unknown,review-required
lua/starfall/libs_sv/acf.lua,1096,ents_methods:acfDragCoef,global,review-required,external consumer,function,shared-or-unknown,review-required
lua/starfall/libs_sv/acf.lua,1107,acf_library.getBulletDataByIndex,global,review-required,external consumer,function,shared-or-unknown,review-required
lua/starfall/libs_sv/acf.lua,1130,,anonymous,review-required,external consumer,anonymous-function,shared-or-unknown,review-required
lua/starfall/libs_sv/acf.lua,1148,,anonymous,review-required,external consumer,anonymous-function,shared-or-unknown,review-required
lua/starfall/libs_sv/acf.lua,1167,,anonymous,review-required,external consumer,anonymous-function,shared-or-unknown,review-required
lua/starfall/libs_sv/acf.lua,1186,,anonymous,review-required,external consumer,anonymous-function,shared-or-unknown,review-required
lua/starfall/libs_sv/acf.lua,1204,,anonymous,review-required,external consumer,anonymous-function,shared-or-unknown,review-required
lua/starfall/libs_sv/acf.lua,1218,acf_library.getMobilitySpecs,global,review-required,external consumer,function,shared-or-unknown,review-required
lua/starfall/libs_sv/acf.lua,1242,acf_library.getAllMobility,global,review-required,external consumer,function,shared-or-unknown,review-required
lua/starfall/libs_sv/acf.lua,1255,acf_library.getAllEngines,global,review-required,external consumer,function,shared-or-unknown,review-required
lua/starfall/libs_sv/acf.lua,1270,acf_library.getAllGearboxes,global,review-required,external consumer,function,shared-or-unknown,review-required
lua/starfall/libs_sv/acf.lua,1285,ents_methods:acfGetLinkedWheels,global,review-required,external consumer,function,shared-or-unknown,review-required
lua/starfall/libs_sv/acf.lua,1303,ents_methods:acfIsEngine,global,review-required,external consumer,function,shared-or-unknown,review-required
lua/starfall/libs_sv/acf.lua,1310,ents_methods:acfIsElectric,global,review-required,external consumer,function,shared-or-unknown,review-required
lua/starfall/libs_sv/acf.lua,1317,ents_methods:acfMaxTorque,global,review-required,external consumer,function,shared-or-unknown,review-required
lua/starfall/libs_sv/acf.lua,1328,ents_methods:acfMaxTorqueWithFuel,global,review-required,external consumer,function,shared-or-unknown,review-required
lua/starfall/libs_sv/acf.lua,1339,ents_methods:acfMaxPower,global,review-required,external consumer,function,shared-or-unknown,review-required
lua/starfall/libs_sv/acf.lua,1350,ents_methods:acfMaxPowerWithFuel,global,review-required,external consumer,function,shared-or-unknown,review-required
lua/starfall/libs_sv/acf.lua,1361,ents_methods:acfIdleRPM,global,review-required,external consumer,function,shared-or-unknown,review-required
lua/starfall/libs_sv/acf.lua,1372,ents_methods:acfPowerband,global,review-required,external consumer,function,shared-or-unknown,review-required
lua/starfall/libs_sv/acf.lua,1384,ents_methods:acfPowerbandMin,global,review-required,external consumer,function,shared-or-unknown,review-required
lua/starfall/libs_sv/acf.lua,1395,ents_methods:acfPowerbandMax,global,review-required,external consumer,function,shared-or-unknown,review-required
lua/starfall/libs_sv/acf.lua,1406,ents_methods:acfRedline,global,review-required,external consumer,function,shared-or-unknown,review-required
lua/starfall/libs_sv/acf.lua,1417,ents_methods:acfRPM,global,review-required,external consumer,function,shared-or-unknown,review-required
lua/starfall/libs_sv/acf.lua,1429,ents_methods:acfTorque,global,review-required,external consumer,function,shared-or-unknown,review-required
lua/starfall/libs_sv/acf.lua,1441,ents_methods:acfFlyInertia,global,review-required,external consumer,function,shared-or-unknown,review-required
lua/starfall/libs_sv/acf.lua,1453,ents_methods:acfFlyMass,global,review-required,external consumer,function,shared-or-unknown,review-required
lua/starfall/libs_sv/acf.lua,1465,ents_methods:acfPower,global,review-required,external consumer,function,shared-or-unknown,review-required
lua/starfall/libs_sv/acf.lua,1478,ents_methods:acfInPowerband,global,review-required,external consumer,function,shared-or-unknown,review-required
lua/starfall/libs_sv/acf.lua,1490,ents_methods:acfGetThrottle,global,review-required,external consumer,function,shared-or-unknown,review-required
lua/starfall/libs_sv/acf.lua,1502,ents_methods:acfSetThrottle,global,review-required,external consumer,function,shared-or-unknown,review-required
lua/starfall/libs_sv/acf.lua,1517,ents_methods:acfFuelRemaining,global,review-required,external consumer,function,shared-or-unknown,review-required
lua/starfall/libs_sv/acf.lua,1529,ents_methods:acfIsGearbox,global,review-required,external consumer,function,shared-or-unknown,review-required
lua/starfall/libs_sv/acf.lua,1536,ents_methods:acfGear,global,review-required,external consumer,function,shared-or-unknown,review-required
lua/starfall/libs_sv/acf.lua,1548,ents_methods:acfNumGears,global,review-required,external consumer,function,shared-or-unknown,review-required
lua/starfall/libs_sv/acf.lua,1560,ents_methods:acfFinalRatio,global,review-required,external consumer,function,shared-or-unknown,review-required
lua/starfall/libs_sv/acf.lua,1572,ents_methods:acfTotalRatio,global,review-required,external consumer,function,shared-or-unknown,review-required
lua/starfall/libs_sv/acf.lua,1584,ents_methods:acfTorqueRating,global,review-required,external consumer,function,shared-or-unknown,review-required
lua/starfall/libs_sv/acf.lua,1595,ents_methods:acfIsDual,global,review-required,external consumer,function,shared-or-unknown,review-required
lua/starfall/libs_sv/acf.lua,1607,ents_methods:acfShiftTime,global,review-required,external consumer,function,shared-or-unknown,review-required
lua/starfall/libs_sv/acf.lua,1618,ents_methods:acfInGear,global,review-required,external consumer,function,shared-or-unknown,review-required
lua/starfall/libs_sv/acf.lua,1630,ents_methods:acfGearRatio,global,review-required,external consumer,function,shared-or-unknown,review-required
lua/starfall/libs_sv/acf.lua,1645,ents_methods:acfTorqueOut,global,review-required,external consumer,function,shared-or-unknown,review-required
lua/starfall/libs_sv/acf.lua,1656,ents_methods:acfCVTRatio,global,review-required,external consumer,function,shared-or-unknown,review-required
lua/starfall/libs_sv/acf.lua,1671,ents_methods:acfShift,global,review-required,external consumer,function,shared-or-unknown,review-required
lua/starfall/libs_sv/acf.lua,1685,ents_methods:acfShiftUp,global,review-required,external consumer,function,shared-or-unknown,review-required
lua/starfall/libs_sv/acf.lua,1697,ents_methods:acfShiftDown,global,review-required,external consumer,function,shared-or-unknown,review-required
lua/starfall/libs_sv/acf.lua,1709,ents_methods:acfBrake,global,review-required,external consumer,function,shared-or-unknown,review-required
lua/starfall/libs_sv/acf.lua,1723,ents_methods:acfBrakeLeft,global,review-required,external consumer,function,shared-or-unknown,review-required
lua/starfall/libs_sv/acf.lua,1738,ents_methods:acfBrakeRight,global,review-required,external consumer,function,shared-or-unknown,review-required
lua/starfall/libs_sv/acf.lua,1753,ents_methods:acfClutch,global,review-required,external consumer,function,shared-or-unknown,review-required
lua/starfall/libs_sv/acf.lua,1767,ents_methods:acfClutchLeft,global,review-required,external consumer,function,shared-or-unknown,review-required
lua/starfall/libs_sv/acf.lua,1782,ents_methods:acfClutchRight,global,review-required,external consumer,function,shared-or-unknown,review-required
lua/starfall/libs_sv/acf.lua,1797,ents_methods:acfSteerRate,global,review-required,external consumer,function,shared-or-unknown,review-required
lua/starfall/libs_sv/acf.lua,1812,ents_methods:acfHoldGear,global,review-required,external consumer,function,shared-or-unknown,review-required
lua/starfall/libs_sv/acf.lua,1827,ents_methods:acfShiftPointScale,global,review-required,external consumer,function,shared-or-unknown,review-required
lua/starfall/libs_sv/acf.lua,1846,ents_methods:acfIsFuel,global,review-required,external consumer,function,shared-or-unknown,review-required
lua/starfall/libs_sv/acf.lua,1852,ents_methods:acfFuelRequired,global,review-required,external consumer,function,shared-or-unknown,review-required
lua/starfall/libs_sv/acf.lua,1859,ents_methods:acfRefuelDuty,global,review-required,external consumer,function,shared-or-unknown,review-required
lua/starfall/libs_sv/acf.lua,1872,ents_methods:acfFuel,global,review-required,external consumer,function,shared-or-unknown,review-required
lua/starfall/libs_sv/acf.lua,1898,ents_methods:acfFuelLevel,global,review-required,external consumer,function,shared-or-unknown,review-required
lua/starfall/libs_sv/acf.lua,1928,ents_methods:acfFuelUse,global,review-required,external consumer,function,shared-or-unknown,review-required
lua/starfall/libs_sv/acf.lua,1959,ents_methods:acfPeakFuelUse,global,review-required,external consumer,function,shared-or-unknown,review-required
lua/starfall/libs_sv/acf.lua,1996,ents_methods:acfRadarData,global,review-required,external consumer,function,shared-or-unknown,review-required
lua/tests/ace/000_discovery_canary.lua,6,func,global,review-required,canonical helper candidate,function-assignment,shared-or-unknown,review-required
lua/tests/ace/armor_spall_corpus.lua,1,makeArmorEntity,local,review-required,canonical helper candidate,function,shared-or-unknown,review-required
lua/tests/ace/armor_spall_corpus.lua,6,GetClass,global,review-required,canonical helper candidate,function-assignment,shared-or-unknown,review-required
lua/tests/ace/armor_spall_corpus.lua,9,resolveSpall,local,review-required,canonical helper candidate,function,shared-or-unknown,review-required
lua/tests/ace/armor_spall_corpus.lua,13,math.random,global,review-required,canonical helper candidate,function-assignment,shared-or-unknown,review-required
lua/tests/ace/armor_spall_corpus.lua,25,func,global,review-required,canonical helper candidate,function-assignment,shared-or-unknown,review-required
lua/tests/ace/armor_spall_corpus.lua,46,func,global,review-required,canonical helper candidate,function-assignment,shared-or-unknown,review-required
lua/tests/ace/armor_spall_corpus.lua,55,func,global,review-required,canonical helper candidate,function-assignment,shared-or-unknown,review-required
lua/tests/ace/armor_spall_corpus.lua,64,func,global,review-required,canonical helper candidate,function-assignment,shared-or-unknown,review-required
lua/tests/ace/armor_spall_corpus.lua,67,math.random,global,review-required,canonical helper candidate,function-assignment,shared-or-unknown,review-required
lua/tests/ace/armor_spall_corpus.lua,76,func,global,review-required,canonical helper candidate,function-assignment,shared-or-unknown,review-required
lua/tests/ace/dupe_spawn.lua,13,resolve,local,review-required,canonical helper candidate,function,shared-or-unknown,review-required
lua/tests/ace/dupe_spawn.lua,26,makeTestOwner,local,review-required,canonical helper candidate,function,shared-or-unknown,review-required
lua/tests/ace/dupe_spawn.lua,31,entityMeta.CPPISetOwner,global,review-required,canonical helper candidate,function-assignment,shared-or-unknown,review-required
lua/tests/ace/dupe_spawn.lua,34,entityMeta.UniqueID,global,review-required,canonical helper candidate,function-assignment,shared-or-unknown,review-required
lua/tests/ace/dupe_spawn.lua,40,owner.CheckLimit,global,review-required,canonical helper candidate,function-assignment,shared-or-unknown,review-required
lua/tests/ace/dupe_spawn.lua,41,owner.AddCount,global,review-required,canonical helper candidate,function-assignment,shared-or-unknown,review-required
lua/tests/ace/dupe_spawn.lua,42,owner.AddCleanup,global,review-required,canonical helper candidate,function-assignment,shared-or-unknown,review-required
lua/tests/ace/dupe_spawn.lua,51,func,global,review-required,canonical helper candidate,function-assignment,shared-or-unknown,review-required
lua/tests/ace/dupe_spawn.lua,62,func,global,review-required,canonical helper candidate,function-assignment,shared-or-unknown,review-required
lua/tests/ace/dupe_spawn.lua,76,func,global,review-required,canonical helper candidate,function-assignment,shared-or-unknown,review-required
lua/tests/ace/entity_registration.lua,6,func,global,review-required,canonical helper candidate,function-assignment,shared-or-unknown,review-required
lua/tests/ace/general_use_contracts.lua,1,assertRegistryEntries,local,review-required,canonical helper candidate,function,shared-or-unknown,review-required
lua/tests/ace/general_use_contracts.lua,12,func,global,review-required,canonical helper candidate,function-assignment,shared-or-unknown,review-required
lua/tests/ace/general_use_contracts.lua,30,func,global,review-required,canonical helper candidate,function-assignment,shared-or-unknown,review-required
lua/tests/ace/general_use_contracts.lua,45,func,global,review-required,canonical helper candidate,function-assignment,shared-or-unknown,review-required
lua/tests/ace/general_use_contracts.lua,62,func,global,review-required,canonical helper candidate,function-assignment,shared-or-unknown,review-required
lua/tests/ace/invalidation_hooks.lua,6,func,global,review-required,canonical helper candidate,function-assignment,shared-or-unknown,review-required
lua/tests/ace/invalidation_hooks.lua,15,func,global,review-required,canonical helper candidate,function-assignment,shared-or-unknown,review-required
lua/tests/ace/invalidation_hooks.lua,36,func,global,review-required,canonical helper candidate,function-assignment,shared-or-unknown,review-required
lua/tests/ace/invalidation_hooks.lua,41,,anonymous,review-required,canonical helper candidate,anonymous-function,shared-or-unknown,review-required
lua/tests/ace/invalidation_hooks.lua,55,func,global,review-required,canonical helper candidate,function-assignment,shared-or-unknown,review-required
lua/tests/ace/invalidation_hooks.lua,65,,anonymous,review-required,canonical helper candidate,anonymous-function,shared-or-unknown,review-required
lua/tests/ace/invalidation_hooks.lua,72,,anonymous,review-required,canonical helper candidate,anonymous-function,shared-or-unknown,review-required
lua/tests/ace/invalidation_hooks.lua,75,,anonymous,review-required,canonical helper candidate,anonymous-function,shared-or-unknown,review-required
lua/tests/ace/invalidation_hooks.lua,105,func,global,review-required,canonical helper candidate,function-assignment,shared-or-unknown,review-required
lua/tests/ace/invalidation_hooks.lua,119,func,global,review-required,canonical helper candidate,function-assignment,shared-or-unknown,review-required
lua/tests/ace/invalidation_hooks.lua,133,,anonymous,review-required,canonical helper candidate,anonymous-function,shared-or-unknown,review-required
lua/tests/ace/invalidation_hooks.lua,153,func,global,review-required,canonical helper candidate,function-assignment,shared-or-unknown,review-required
lua/tests/ace/invalidation_hooks.lua,169,,anonymous,review-required,canonical helper candidate,anonymous-function,shared-or-unknown,review-required
lua/tests/ace/registries.lua,1,countEntries,local,review-required,canonical helper candidate,function,shared-or-unknown,review-required
lua/tests/ace/registries.lua,19,func,global,review-required,canonical helper candidate,function-assignment,shared-or-unknown,review-required
lua/tests/ace/registries.lua,42,func,global,review-required,canonical helper candidate,function-assignment,shared-or-unknown,review-required
lua/tests/ace/registries.lua,67,func,global,review-required,canonical helper candidate,function-assignment,shared-or-unknown,review-required
lua/tests/ace/registries.lua,78,func,global,review-required,canonical helper candidate,function-assignment,shared-or-unknown,review-required
lua/tests/ace/registries.lua,92,func,global,review-required,canonical helper candidate,function-assignment,shared-or-unknown,review-required
lua/tests/ace/spall_rubber.lua,1,makeEntity,local,review-required,canonical helper candidate,function,shared-or-unknown,review-required
lua/tests/ace/spall_rubber.lua,6,GetClass,global,review-required,canonical helper candidate,function-assignment,shared-or-unknown,review-required
lua/tests/ace/spall_rubber.lua,7,GetPhysicsObject,global,review-required,canonical helper candidate,function-assignment,shared-or-unknown,review-required
lua/tests/ace/spall_rubber.lua,10,withSpallTraceStubs,local,review-required,canonical helper candidate,function,shared-or-unknown,review-required
lua/tests/ace/spall_rubber.lua,46,withSuccessfulArmorRoll,local,review-required,canonical helper candidate,function,shared-or-unknown,review-required
lua/tests/ace/spall_rubber.lua,49,math.random,global,review-required,canonical helper candidate,function-assignment,shared-or-unknown,review-required
lua/tests/ace/spall_rubber.lua,63,func,global,review-required,canonical helper candidate,function-assignment,shared-or-unknown,review-required
lua/tests/ace/spall_rubber.lua,64,,anonymous,review-required,canonical helper candidate,anonymous-function,shared-or-unknown,review-required
lua/tests/ace/spall_rubber.lua,78,func,global,review-required,canonical helper candidate,function-assignment,shared-or-unknown,review-required
lua/tests/ace/spall_rubber.lua,84,,anonymous,review-required,canonical helper candidate,anonymous-function,shared-or-unknown,review-required
lua/tests/ace/spall_rubber.lua,93,_G.ACE.Check,global,review-required,canonical helper candidate,function-assignment,shared-or-unknown,review-required
lua/tests/ace/spall_rubber.lua,95,_G.ACE.CheckClips,global,review-required,canonical helper candidate,function-assignment,shared-or-unknown,review-required
lua/tests/ace/spall_rubber.lua,96,_G.ACE.GetHitAngle,global,review-required,canonical helper candidate,function-assignment,shared-or-unknown,review-required
lua/tests/ace/spall_rubber.lua,97,_G.ACE.APKill,global,review-required,canonical helper candidate,function-assignment,shared-or-unknown,review-required
lua/tests/ace/spall_rubber.lua,98,_G.VectorRand,global,review-required,canonical helper candidate,function-assignment,shared-or-unknown,review-required
lua/tests/ace/spall_rubber.lua,99,ACE.GetMaterialData,global,ACE.table,ACE.table,function-assignment,shared-or-unknown,inventory-confirmed
lua/tests/ace/spall_rubber.lua,100,util.Decal,global,review-required,canonical helper candidate,function-assignment,shared-or-unknown,review-required
lua/tests/ace/spall_rubber.lua,101,debugoverlay.Line,global,review-required,canonical helper candidate,function-assignment,shared-or-unknown,review-required
lua/tests/ace/spall_rubber.lua,103,util.TraceLine,global,review-required,canonical helper candidate,function-assignment,shared-or-unknown,review-required
lua/tests/ace/spall_rubber.lua,116,_G.ACE.Damage,global,review-required,canonical helper candidate,function-assignment,shared-or-unknown,review-required
lua/tests/ace/spall_rubber.lua,141,func,global,review-required,canonical helper candidate,function-assignment,shared-or-unknown,review-required
lua/tests/ace/spall_rubber.lua,145,,anonymous,review-required,canonical helper candidate,anonymous-function,shared-or-unknown,review-required
lua/tests/ace/spall_rubber.lua,153,_G.ACE.Check,global,review-required,canonical helper candidate,function-assignment,shared-or-unknown,review-required
lua/tests/ace/spall_rubber.lua,155,_G.ACE.CheckClips,global,review-required,canonical helper candidate,function-assignment,shared-or-unknown,review-required
lua/tests/ace/spall_rubber.lua,156,_G.ACE.GetHitAngle,global,review-required,canonical helper candidate,function-assignment,shared-or-unknown,review-required
lua/tests/ace/spall_rubber.lua,157,_G.ACE.APKill,global,review-required,canonical helper candidate,function-assignment,shared-or-unknown,review-required
lua/tests/ace/spall_rubber.lua,158,_G.VectorRand,global,review-required,canonical helper candidate,function-assignment,shared-or-unknown,review-required
lua/tests/ace/spall_rubber.lua,159,ACE.GetMaterialData,global,ACE.table,ACE.table,function-assignment,shared-or-unknown,inventory-confirmed
lua/tests/ace/spall_rubber.lua,160,util.Decal,global,review-required,canonical helper candidate,function-assignment,shared-or-unknown,review-required
lua/tests/ace/spall_rubber.lua,161,debugoverlay.Line,global,review-required,canonical helper candidate,function-assignment,shared-or-unknown,review-required
lua/tests/ace/spall_rubber.lua,162,util.TraceLine,global,review-required,canonical helper candidate,function-assignment,shared-or-unknown,review-required
lua/tests/ace/spall_rubber.lua,173,_G.ACE.Damage,global,review-required,canonical helper candidate,function-assignment,shared-or-unknown,review-required
lua/tests/ace/spall_rubber.lua,186,func,global,review-required,canonical helper candidate,function-assignment,shared-or-unknown,review-required
lua/tests/ace/spall_rubber.lua,189,,anonymous,review-required,canonical helper candidate,anonymous-function,shared-or-unknown,review-required
lua/tests/ace/spall_rubber.lua,198,_G.ACE.Check,global,review-required,canonical helper candidate,function-assignment,shared-or-unknown,review-required
lua/tests/ace/spall_rubber.lua,200,_G.ACE.CheckClips,global,review-required,canonical helper candidate,function-assignment,shared-or-unknown,review-required
lua/tests/ace/spall_rubber.lua,201,_G.ACE.GetHitAngle,global,review-required,canonical helper candidate,function-assignment,shared-or-unknown,review-required
lua/tests/ace/spall_rubber.lua,202,_G.ACE.APKill,global,review-required,canonical helper candidate,function-assignment,shared-or-unknown,review-required
lua/tests/ace/spall_rubber.lua,203,_G.VectorRand,global,review-required,canonical helper candidate,function-assignment,shared-or-unknown,review-required
lua/tests/ace/spall_rubber.lua,204,ACE.GetMaterialData,global,ACE.table,ACE.table,function-assignment,shared-or-unknown,inventory-confirmed
lua/tests/ace/spall_rubber.lua,205,util.Decal,global,review-required,canonical helper candidate,function-assignment,shared-or-unknown,review-required
lua/tests/ace/spall_rubber.lua,206,debugoverlay.Line,global,review-required,canonical helper candidate,function-assignment,shared-or-unknown,review-required
lua/tests/ace/spall_rubber.lua,207,util.TraceLine,global,review-required,canonical helper candidate,function-assignment,shared-or-unknown,review-required
lua/tests/ace/spall_rubber.lua,219,_G.ACE.Damage,global,review-required,canonical helper candidate,function-assignment,shared-or-unknown,review-required
lua/tests/ace/spall_rubber.lua,232,func,global,review-required,canonical helper candidate,function-assignment,shared-or-unknown,review-required
lua/tests/ace/spall_rubber.lua,235,,anonymous,review-required,canonical helper candidate,anonymous-function,shared-or-unknown,review-required
lua/tests/ace/spall_rubber.lua,243,_G.ACE.Check,global,review-required,canonical helper candidate,function-assignment,shared-or-unknown,review-required
lua/tests/ace/spall_rubber.lua,245,util.TraceLine,global,review-required,canonical helper candidate,function-assignment,shared-or-unknown,review-required
lua/tests/ace/spall_rubber.lua,253,_G.ACE.Damage,global,review-required,canonical helper candidate,function-assignment,shared-or-unknown,review-required
lua/tests/ace/spall_rubber.lua,256,debugoverlay.Line,global,review-required,canonical helper candidate,function-assignment,shared-or-unknown,review-required
lua/tests/ace/spall_rubber.lua,267,func,global,review-required,canonical helper candidate,function-assignment,shared-or-unknown,review-required
lua/tests/ace/spall_rubber.lua,276,,anonymous,review-required,canonical helper candidate,anonymous-function,shared-or-unknown,review-required
lua/tests/ace/spall_rubber.lua,277,_G.ACE.Damage,global,review-required,canonical helper candidate,function-assignment,shared-or-unknown,review-required
lua/tests/ace/spall_rubber.lua,278,_G.ACE.GetHitAngle,global,review-required,canonical helper candidate,function-assignment,shared-or-unknown,review-required
lua/tests/ace/spall_rubber.lua,279,_G.ACE.KEShove,global,review-required,canonical helper candidate,function-assignment,shared-or-unknown,review-required
lua/tests/ace/spall_rubber.lua,280,,anonymous,review-required,canonical helper candidate,anonymous-function,shared-or-unknown,review-required
lua/tests/ace/spall_rubber.lua,280,_G.GetConVar,global,review-required,canonical helper candidate,function-assignment,shared-or-unknown,review-required
lua/tests/ace/spall_rubber.lua,281,math.Rand,global,review-required,canonical helper candidate,function-assignment,shared-or-unknown,review-required
lua/weapons/gmod_tool/stools/acearmorprop.lua,29,CalcArmor,local,review-required,GMod framework callback,function,shared-or-unknown,inventory-confirmed
lua/weapons/gmod_tool/stools/acearmorprop.lua,45,ApplySettings,local,review-required,GMod framework callback,function,shared-or-unknown,inventory-confirmed
lua/weapons/gmod_tool/stools/acearmorprop.lua,79,TOOL:LeftClick,global,review-required,GMod framework callback,function,shared-or-unknown,review-required
lua/weapons/gmod_tool/stools/acearmorprop.lua,105,TOOL:RightClick,global,review-required,GMod framework callback,function,shared-or-unknown,review-required
lua/weapons/gmod_tool/stools/acearmorprop.lua,129,TOOL:Reload,global,review-required,GMod framework callback,function,shared-or-unknown,review-required
lua/weapons/gmod_tool/stools/acearmorprop.lua,137,safeNumber,local,review-required,GMod framework callback,function,shared-or-unknown,inventory-confirmed
lua/weapons/gmod_tool/stools/acearmorprop.lua,260,formatPoints,local,review-required,GMod framework callback,function,shared-or-unknown,inventory-confirmed
lua/weapons/gmod_tool/stools/acearmorprop.lua,264,formatMoney,local,review-required,GMod framework callback,function,shared-or-unknown,inventory-confirmed
lua/weapons/gmod_tool/stools/acearmorprop.lua,280,getPointsCategory,local,review-required,GMod framework callback,function,shared-or-unknown,inventory-confirmed
lua/weapons/gmod_tool/stools/acearmorprop.lua,290,getPopupPoints,local,review-required,GMod framework callback,function,shared-or-unknown,inventory-confirmed
lua/weapons/gmod_tool/stools/acearmorprop.lua,374,TOOL:Think,global,review-required,GMod framework callback,function,shared-or-unknown,review-required
lua/weapons/gmod_tool/stools/acearmorprop.lua,469,getArmorPointPreview,local,review-required,GMod framework callback,function,shared-or-unknown,inventory-confirmed
lua/weapons/gmod_tool/stools/acearmorprop.lua,490,ArmorPanelText,local,review-required,GMod framework callback,function,shared-or-unknown,inventory-confirmed
lua/weapons/gmod_tool/stools/acearmorprop.lua,512,MaterialTable,local,review-required,GMod framework callback,function,shared-or-unknown,inventory-confirmed
lua/weapons/gmod_tool/stools/acearmorprop.lua,554,ToolPanel.ComboMat:OnSelect,global,review-required,GMod framework callback,function,shared-or-unknown,review-required
lua/weapons/gmod_tool/stools/acearmorprop.lua,563,TOOL.BuildCPanel,global,review-required,GMod framework callback,function,shared-or-unknown,review-required
lua/weapons/gmod_tool/stools/acearmorprop.lua,587,,anonymous,review-required,GMod framework callback,anonymous-function,shared-or-unknown,review-required
lua/weapons/gmod_tool/stools/acearmorprop.lua,615,,anonymous,review-required,GMod framework callback,anonymous-function,shared-or-unknown,review-required
lua/weapons/gmod_tool/stools/acearmorprop.lua,643,,anonymous,review-required,GMod framework callback,anonymous-function,shared-or-unknown,review-required
lua/weapons/gmod_tool/stools/acearmorprop.lua,667,,anonymous,review-required,GMod framework callback,anonymous-function,shared-or-unknown,review-required
lua/weapons/gmod_tool/stools/acearmorprop.lua,701,addPointsLine,local,review-required,GMod framework callback,function,shared-or-unknown,inventory-confirmed
lua/weapons/gmod_tool/stools/acearmorprop.lua,790,TOOL:DrawHUD,global,review-required,GMod framework callback,function,shared-or-unknown,review-required
lua/weapons/gmod_tool/stools/acearmorprop.lua,846,TOOL:DrawToolScreen,global,review-required,GMod framework callback,function,shared-or-unknown,review-required
lua/weapons/gmod_tool/stools/acechaircam.lua,16,SendBoolToClient,local,review-required,GMod framework callback,function,shared-or-unknown,inventory-confirmed
lua/weapons/gmod_tool/stools/acechaircam.lua,27,ApplyOverride,local,review-required,GMod framework callback,function,shared-or-unknown,inventory-confirmed
lua/weapons/gmod_tool/stools/acechaircam.lua,33,,anonymous,review-required,GMod framework callback,anonymous-function,shared-or-unknown,review-required
lua/weapons/gmod_tool/stools/acechaircam.lua,56,TOOL:LeftClick,global,review-required,GMod framework callback,function,shared-or-unknown,review-required
lua/weapons/gmod_tool/stools/acechaircam.lua,74,TOOL:RightClick,global,review-required,GMod framework callback,function,shared-or-unknown,review-required
lua/weapons/gmod_tool/stools/acechaircam.lua,80,TOOL:Reload,global,review-required,GMod framework callback,function,shared-or-unknown,review-required
lua/weapons/gmod_tool/stools/acechaircam.lua,101,ReceiveBoolFromServer,local,review-required,GMod framework callback,function,shared-or-unknown,inventory-confirmed
lua/weapons/gmod_tool/stools/acechaircam.lua,114,TOOL:DrawHUD,global,review-required,GMod framework callback,function,shared-or-unknown,review-required
lua/weapons/gmod_tool/stools/acechaircam.lua,131,TOOL.BuildCPanel,global,review-required,GMod framework callback,function,shared-or-unknown,review-required
lua/weapons/gmod_tool/stools/acecopy.lua,14,TOOL.BuildCPanel,global,review-required,GMod framework callback,function,shared-or-unknown,review-required
lua/weapons/gmod_tool/stools/acecopy.lua,18,TOOL:LeftClick,global,review-required,GMod framework callback,function,shared-or-unknown,review-required
lua/weapons/gmod_tool/stools/acecopy.lua,51,TOOL:RightClick,global,review-required,GMod framework callback,function,shared-or-unknown,review-required
lua/weapons/gmod_tool/stools/acemenu.lua,43,TOOL.BuildCPanel,global,review-required,GMod framework callback,function,shared-or-unknown,review-required
lua/weapons/gmod_tool/stools/acemenu.lua,57,TOOL:LeftClick,global,review-required,GMod framework callback,function,shared-or-unknown,review-required
lua/weapons/gmod_tool/stools/acemenu.lua,123,TOOL:SelectEntity,global,review-required,GMod framework callback,function,shared-or-unknown,review-required
lua/weapons/gmod_tool/stools/acemenu.lua,135,TOOL:DeselectAll,global,review-required,GMod framework callback,function,shared-or-unknown,review-required
lua/weapons/gmod_tool/stools/acemenu.lua,147,linkEnts,local,review-required,GMod framework callback,function,shared-or-unknown,inventory-confirmed
lua/weapons/gmod_tool/stools/acemenu.lua,165,TOOL:RightClick,global,review-required,GMod framework callback,function,shared-or-unknown,review-required
lua/weapons/gmod_tool/stools/acemenu.lua,212,TOOL:Holster,global,review-required,GMod framework callback,function,shared-or-unknown,review-required
lua/weapons/gmod_tool/stools/acemenu.lua,217,TOOL:Reload,global,review-required,GMod framework callback,function,shared-or-unknown,review-required
lua/weapons/gmod_tool/stools/acesound.lua,33,GetSound,global,review-required,GMod framework callback,function-assignment,shared-or-unknown,review-required
lua/weapons/gmod_tool/stools/acesound.lua,35,SetSound,global,review-required,GMod framework callback,function-assignment,shared-or-unknown,review-required
lua/weapons/gmod_tool/stools/acesound.lua,42,ResetSound,global,review-required,GMod framework callback,function-assignment,shared-or-unknown,review-required
lua/weapons/gmod_tool/stools/acesound.lua,55,NewFormat,global,review-required,GMod framework callback,function-assignment,shared-or-unknown,review-required
lua/weapons/gmod_tool/stools/acesound.lua,61,GetSound,global,review-required,GMod framework callback,function-assignment,shared-or-unknown,review-required
lua/weapons/gmod_tool/stools/acesound.lua,63,SetSound,global,review-required,GMod framework callback,function-assignment,shared-or-unknown,review-required
lua/weapons/gmod_tool/stools/acesound.lua,68,ResetSound,global,review-required,GMod framework callback,function-assignment,shared-or-unknown,review-required
lua/weapons/gmod_tool/stools/acesound.lua,83,GetSound,global,review-required,GMod framework callback,function-assignment,shared-or-unknown,review-required
lua/weapons/gmod_tool/stools/acesound.lua,85,SetSound,global,review-required,GMod framework callback,function-assignment,shared-or-unknown,review-required
lua/weapons/gmod_tool/stools/acesound.lua,93,ResetSound,global,review-required,GMod framework callback,function-assignment,shared-or-unknown,review-required
lua/weapons/gmod_tool/stools/acesound.lua,104,NewFormat,global,review-required,GMod framework callback,function-assignment,shared-or-unknown,review-required
lua/weapons/gmod_tool/stools/acesound.lua,111,GetSound,global,review-required,GMod framework callback,function-assignment,shared-or-unknown,review-required
lua/weapons/gmod_tool/stools/acesound.lua,113,SetSound,global,review-required,GMod framework callback,function-assignment,shared-or-unknown,review-required
lua/weapons/gmod_tool/stools/acesound.lua,120,ResetSound,global,review-required,GMod framework callback,function-assignment,shared-or-unknown,review-required
lua/weapons/gmod_tool/stools/acesound.lua,130,GetSound,global,review-required,GMod framework callback,function-assignment,shared-or-unknown,review-required
lua/weapons/gmod_tool/stools/acesound.lua,132,SetSound,global,review-required,GMod framework callback,function-assignment,shared-or-unknown,review-required
lua/weapons/gmod_tool/stools/acesound.lua,139,ResetSound,global,review-required,GMod framework callback,function-assignment,shared-or-unknown,review-required
lua/weapons/gmod_tool/stools/acesound.lua,149,GetSound,global,review-required,GMod framework callback,function-assignment,shared-or-unknown,review-required
lua/weapons/gmod_tool/stools/acesound.lua,151,SetSound,global,review-required,GMod framework callback,function-assignment,shared-or-unknown,review-required
lua/weapons/gmod_tool/stools/acesound.lua,158,ResetSound,global,review-required,GMod framework callback,function-assignment,shared-or-unknown,review-required
lua/weapons/gmod_tool/stools/acesound.lua,168,GetSound,global,review-required,GMod framework callback,function-assignment,shared-or-unknown,review-required
lua/weapons/gmod_tool/stools/acesound.lua,170,SetSound,global,review-required,GMod framework callback,function-assignment,shared-or-unknown,review-required
lua/weapons/gmod_tool/stools/acesound.lua,177,ResetSound,global,review-required,GMod framework callback,function-assignment,shared-or-unknown,review-required
lua/weapons/gmod_tool/stools/acesound.lua,187,GetSound,global,review-required,GMod framework callback,function-assignment,shared-or-unknown,review-required
lua/weapons/gmod_tool/stools/acesound.lua,189,SetSound,global,review-required,GMod framework callback,function-assignment,shared-or-unknown,review-required
lua/weapons/gmod_tool/stools/acesound.lua,196,ResetSound,global,review-required,GMod framework callback,function-assignment,shared-or-unknown,review-required
lua/weapons/gmod_tool/stools/acesound.lua,204,NewFormat,global,review-required,GMod framework callback,function-assignment,shared-or-unknown,review-required
lua/weapons/gmod_tool/stools/acesound.lua,209,ReplaceSound,local,review-required,GMod framework callback,function,shared-or-unknown,inventory-confirmed
lua/weapons/gmod_tool/stools/acesound.lua,243,IsReallyValid,local,review-required,GMod framework callback,function,shared-or-unknown,inventory-confirmed
lua/weapons/gmod_tool/stools/acesound.lua,259,TOOL:LeftClick,global,review-required,GMod framework callback,function,shared-or-unknown,review-required
lua/weapons/gmod_tool/stools/acesound.lua,269,TOOL:RightClick,global,review-required,GMod framework callback,function,shared-or-unknown,review-required
lua/weapons/gmod_tool/stools/acesound.lua,288,TOOL:Reload,global,review-required,GMod framework callback,function,shared-or-unknown,review-required
lua/weapons/gmod_tool/stools/acesound.lua,306,TOOL.BuildCPanel,global,review-required,GMod framework callback,function,shared-or-unknown,review-required
lua/weapons/gmod_tool/stools/acesound.lua,328,SoundBrowserButton.DoClick,global,review-required,GMod framework callback,function-assignment,shared-or-unknown,review-required
lua/weapons/gmod_tool/stools/acesound.lua,347,SoundPrePlay.DoClick,global,review-required,GMod framework callback,function-assignment,shared-or-unknown,review-required
lua/weapons/gmod_tool/stools/acesound.lua,358,SoundPreStop.DoClick,global,review-required,GMod framework callback,function-assignment,shared-or-unknown,review-required
lua/weapons/gmod_tool/stools/acesound.lua,363,SoundPre.PerformLayout,global,review-required,GMod framework callback,function-assignment,shared-or-unknown,review-required
lua/weapons/gmod_tool/stools/acesound.lua,376,CopyButton.DoClick,global,review-required,GMod framework callback,function-assignment,shared-or-unknown,review-required
lua/weapons/gmod_tool/stools/acesound.lua,387,ClearButton.DoClick,global,review-required,GMod framework callback,function-assignment,shared-or-unknown,review-required
lua/weapons/gmod_tool/stools/acesound.lua,406,spawnmenu.ActivateTool,global,review-required,GMod framework callback,function,shared-or-unknown,review-required
lua/weapons/weapon_ace_ak47/shared.lua,74,SWEP:InitBulletData,global,review-required,GMod framework callback,function,shared-or-unknown,review-required
lua/weapons/weapon_ace_amr/shared.lua,67,SWEP:InitBulletData,global,review-required,GMod framework callback,function,shared-or-unknown,review-required
lua/weapons/weapon_ace_antipersonmine/init.lua,7,SWEP:DoAmmoStatDisplay,global,review-required,GMod framework callback,function,shared-or-unknown,review-required
lua/weapons/weapon_ace_antipersonmine/init.lua,19,SWEP:Equip,global,review-required,GMod framework callback,function,shared-or-unknown,review-required
lua/weapons/weapon_ace_antipersonmine/shared.lua,64,SWEP:PrimaryAttack,global,review-required,GMod framework callback,function,shared-or-unknown,review-required
lua/weapons/weapon_ace_antipersonmine/shared.lua,101,SWEP:SecondaryAttack,global,review-required,GMod framework callback,function,shared-or-unknown,review-required
lua/weapons/weapon_ace_antipersonmine/shared.lua,104,SWEP:Think,global,review-required,GMod framework callback,function,shared-or-unknown,review-required
lua/weapons/weapon_ace_antipersonmine/shared.lua,107,SWEP:Reload,global,review-required,GMod framework callback,function,shared-or-unknown,review-required
lua/weapons/weapon_ace_antitankmine/init.lua,7,SWEP:DoAmmoStatDisplay,global,review-required,GMod framework callback,function,shared-or-unknown,review-required
lua/weapons/weapon_ace_antitankmine/init.lua,16,SWEP:Equip,global,review-required,GMod framework callback,function,shared-or-unknown,review-required
lua/weapons/weapon_ace_antitankmine/shared.lua,64,SWEP:PrimaryAttack,global,review-required,GMod framework callback,function,shared-or-unknown,review-required
lua/weapons/weapon_ace_antitankmine/shared.lua,101,SWEP:SecondaryAttack,global,review-required,GMod framework callback,function,shared-or-unknown,review-required
lua/weapons/weapon_ace_antitankmine/shared.lua,104,SWEP:Think,global,review-required,GMod framework callback,function,shared-or-unknown,review-required
lua/weapons/weapon_ace_antitankmine/shared.lua,107,SWEP:Reload,global,review-required,GMod framework callback,function,shared-or-unknown,review-required
lua/weapons/weapon_ace_at4/shared.lua,61,SWEP:InitBulletData,global,review-required,GMod framework callback,function,shared-or-unknown,review-required
lua/weapons/weapon_ace_at4/shared.lua,135,SWEP:PrimaryAttack,global,review-required,GMod framework callback,function,shared-or-unknown,review-required
lua/weapons/weapon_ace_at4t/shared.lua,62,SWEP:InitBulletData,global,review-required,GMod framework callback,function,shared-or-unknown,review-required
lua/weapons/weapon_ace_at4t/shared.lua,146,SWEP:PrimaryAttack,global,review-required,GMod framework callback,function,shared-or-unknown,review-required
lua/weapons/weapon_ace_aug/shared.lua,64,SWEP:InitBulletData,global,review-required,GMod framework callback,function,shared-or-unknown,review-required
lua/weapons/weapon_ace_awp/shared.lua,68,SWEP:InitBulletData,global,review-required,GMod framework callback,function,shared-or-unknown,review-required
lua/weapons/weapon_ace_base/cl_ace_spawnmenu.lua,4,createSpawnIcon,local,review-required,GMod framework callback,function,shared-or-unknown,inventory-confirmed
lua/weapons/weapon_ace_base/cl_ace_spawnmenu.lua,14,,anonymous,review-required,GMod framework callback,anonymous-function,shared-or-unknown,review-required
lua/weapons/weapon_ace_base/cl_ace_spawnmenu.lua,53,categoryNode.DoPopulate,global,review-required,GMod framework callback,function-assignment,shared-or-unknown,review-required
lua/weapons/weapon_ace_base/cl_ace_spawnmenu.lua,82,icon.DoClick,global,review-required,GMod framework callback,function-assignment,shared-or-unknown,review-required
lua/weapons/weapon_ace_base/cl_ace_spawnmenu.lua,86,icon.Paint,global,review-required,GMod framework callback,function-assignment,shared-or-unknown,review-required
lua/weapons/weapon_ace_base/cl_ace_spawnmenu.lua,95,icon.OpenMenuExtra,global,review-required,GMod framework callback,function-assignment,shared-or-unknown,review-required
lua/weapons/weapon_ace_base/cl_ace_spawnmenu.lua,117,subIcon.Paint,global,review-required,GMod framework callback,function-assignment,shared-or-unknown,review-required
lua/weapons/weapon_ace_base/cl_ace_spawnmenu.lua,121,subIcon.DoClick,global,review-required,GMod framework callback,function-assignment,shared-or-unknown,review-required
lua/weapons/weapon_ace_base/cl_ace_spawnmenu.lua,125,subIcon.DoRightClick,global,review-required,GMod framework callback,function-assignment,shared-or-unknown,review-required
lua/weapons/weapon_ace_base/cl_init.lua,7,SWEP:Initialize,global,review-required,GMod framework callback,function,shared-or-unknown,review-required
lua/weapons/weapon_ace_base/cl_init.lua,14,SWEP:CustomAmmoDisplay,global,review-required,GMod framework callback,function,shared-or-unknown,review-required
lua/weapons/weapon_ace_base/cl_init.lua,26,SWEP:DrawScope,global,review-required,GMod framework callback,function,shared-or-unknown,review-required
lua/weapons/weapon_ace_base/cl_init.lua,42,SWEP:DoDrawCrosshair,global,review-required,GMod framework callback,function,shared-or-unknown,review-required
lua/weapons/weapon_ace_base/init.lua,8,SWEP:UpdateFakeCrate,global,review-required,GMod framework callback,function,shared-or-unknown,review-required
lua/weapons/weapon_ace_base/init.lua,17,SWEP:ACEFireBullet,global,review-required,GMod framework callback,function,shared-or-unknown,review-required
lua/weapons/weapon_ace_base/init.lua,70,SWEP:DoAmmoStatDisplay,global,review-required,GMod framework callback,function,shared-or-unknown,review-required
lua/weapons/weapon_ace_base/init.lua,114,SWEP:Equip,global,review-required,GMod framework callback,function,shared-or-unknown,review-required
lua/weapons/weapon_ace_base/init.lua,127,SWEP:OnRemove,global,review-required,GMod framework callback,function,shared-or-unknown,review-required
lua/weapons/weapon_ace_base/init.lua,133,,anonymous,review-required,GMod framework callback,anonymous-function,shared-or-unknown,review-required
lua/weapons/weapon_ace_base/init.lua,145,SWEP:Initialize,global,review-required,GMod framework callback,function,shared-or-unknown,review-required
lua/weapons/weapon_ace_base/init.lua,156,SWEP:Deploy,global,review-required,GMod framework callback,function,shared-or-unknown,review-required
lua/weapons/weapon_ace_base/shared.lua,77,SWEP:GetNPCBurstSettings,global,review-required,GMod framework callback,function,shared-or-unknown,review-required
lua/weapons/weapon_ace_base/shared.lua,82,SWEP:GetNPCRestTimes,global,review-required,GMod framework callback,function,shared-or-unknown,review-required
lua/weapons/weapon_ace_base/shared.lua,94,SWEP:SetupDataTables,global,review-required,GMod framework callback,function,shared-or-unknown,review-required
lua/weapons/weapon_ace_base/shared.lua,100,,anonymous,review-required,GMod framework callback,anonymous-function,shared-or-unknown,review-required
lua/weapons/weapon_ace_base/shared.lua,109,,anonymous,review-required,GMod framework callback,anonymous-function,shared-or-unknown,review-required
lua/weapons/weapon_ace_base/shared.lua,121,SWEP:InitBulletData,global,review-required,GMod framework callback,function,shared-or-unknown,review-required
lua/weapons/weapon_ace_base/shared.lua,172,VECTOR:RotateAroundAxis,global,review-required,GMod framework callback,function,shared-or-unknown,review-required
lua/weapons/weapon_ace_base/shared.lua,193,SWEP:GetSharedRandomSpread,global,review-required,GMod framework callback,function,shared-or-unknown,review-required
lua/weapons/weapon_ace_base/shared.lua,208,SWEP:GetShootDir,global,review-required,GMod framework callback,function,shared-or-unknown,review-required
lua/weapons/weapon_ace_base/shared.lua,264,SWEP:Shoot,global,review-required,GMod framework callback,function,shared-or-unknown,review-required
lua/weapons/weapon_ace_base/shared.lua,283,SWEP:OnPrimaryAttack,global,review-required,GMod framework callback,function,shared-or-unknown,review-required
lua/weapons/weapon_ace_base/shared.lua,286,SWEP:DoSPClientEffects,global,review-required,GMod framework callback,function,shared-or-unknown,review-required
lua/weapons/weapon_ace_base/shared.lua,302,SWEP:PrimaryAttack,global,review-required,GMod framework callback,function,shared-or-unknown,review-required
lua/weapons/weapon_ace_base/shared.lua,370,SWEP:OnSecondaryAttack,global,review-required,GMod framework callback,function,shared-or-unknown,review-required
lua/weapons/weapon_ace_base/shared.lua,373,SWEP:SecondaryAttack,global,review-required,GMod framework callback,function,shared-or-unknown,review-required
lua/weapons/weapon_ace_base/shared.lua,383,SWEP:Holster,global,review-required,GMod framework callback,function,shared-or-unknown,review-required
lua/weapons/weapon_ace_base/shared.lua,403,SWEP:AdjustMouseSensitivity,global,review-required,GMod framework callback,function,shared-or-unknown,review-required
lua/weapons/weapon_ace_base/shared.lua,414,SWEP:HandleRecoil,global,review-required,GMod framework callback,function,shared-or-unknown,review-required
lua/weapons/weapon_ace_base/shared.lua,440,SWEP:OnThink,global,review-required,GMod framework callback,function,shared-or-unknown,review-required
lua/weapons/weapon_ace_base/shared.lua,443,SWEP:Think,global,review-required,GMod framework callback,function,shared-or-unknown,review-required
lua/weapons/weapon_ace_base/shared.lua,497,SWEP:OnReload,global,review-required,GMod framework callback,function,shared-or-unknown,review-required
lua/weapons/weapon_ace_base/shared.lua,503,SWEP:Reload,global,review-required,GMod framework callback,function,shared-or-unknown,review-required
lua/weapons/weapon_ace_base/shared.lua,540,SWEP:Deploy,global,review-required,GMod framework callback,function,shared-or-unknown,review-required
lua/weapons/weapon_ace_base/shared.lua,558,SWEP:SetOwnerZoomSpeed,global,review-required,GMod framework callback,function,shared-or-unknown,review-required
lua/weapons/weapon_ace_boundingmine/init.lua,7,SWEP:DoAmmoStatDisplay,global,review-required,GMod framework callback,function,shared-or-unknown,review-required
lua/weapons/weapon_ace_boundingmine/init.lua,19,SWEP:Equip,global,review-required,GMod framework callback,function,shared-or-unknown,review-required
lua/weapons/weapon_ace_boundingmine/shared.lua,64,SWEP:PrimaryAttack,global,review-required,GMod framework callback,function,shared-or-unknown,review-required
lua/weapons/weapon_ace_boundingmine/shared.lua,101,SWEP:SecondaryAttack,global,review-required,GMod framework callback,function,shared-or-unknown,review-required
lua/weapons/weapon_ace_boundingmine/shared.lua,104,SWEP:Think,global,review-required,GMod framework callback,function,shared-or-unknown,review-required
lua/weapons/weapon_ace_boundingmine/shared.lua,107,SWEP:Reload,global,review-required,GMod framework callback,function,shared-or-unknown,review-required
lua/weapons/weapon_ace_deagle/shared.lua,65,SWEP:InitBulletData,global,review-required,GMod framework callback,function,shared-or-unknown,review-required
lua/weapons/weapon_ace_elite/shared.lua,65,SWEP:InitBulletData,global,review-required,GMod framework callback,function,shared-or-unknown,review-required
lua/weapons/weapon_ace_famas/shared.lua,64,SWEP:InitBulletData,global,review-required,GMod framework callback,function,shared-or-unknown,review-required
lua/weapons/weapon_ace_fiveseven/shared.lua,65,SWEP:InitBulletData,global,review-required,GMod framework callback,function,shared-or-unknown,review-required
lua/weapons/weapon_ace_flaregun/init.lua,5,SWEP:DoAmmoStatDisplay,global,review-required,GMod framework callback,function,shared-or-unknown,review-required
lua/weapons/weapon_ace_flaregun/shared.lua,27,SWEP:PrimaryAttack,global,review-required,GMod framework callback,function,shared-or-unknown,review-required
lua/weapons/weapon_ace_flaregun/shared.lua,44,increaseDrag,local,review-required,GMod framework callback,function,shared-or-unknown,inventory-confirmed
lua/weapons/weapon_ace_flaregun/shared.lua,49,,anonymous,review-required,GMod framework callback,anonymous-function,shared-or-unknown,review-required
lua/weapons/weapon_ace_flaregun/shared.lua,88,SWEP:SecondaryAttack,global,review-required,GMod framework callback,function,shared-or-unknown,review-required
lua/weapons/weapon_ace_galil/shared.lua,64,SWEP:InitBulletData,global,review-required,GMod framework callback,function,shared-or-unknown,review-required
lua/weapons/weapon_ace_glock/shared.lua,65,SWEP:InitBulletData,global,review-required,GMod framework callback,function,shared-or-unknown,review-required
lua/weapons/weapon_ace_glock/shared.lua,112,SWEP:SecondaryAttack,global,review-required,GMod framework callback,function,shared-or-unknown,review-required
lua/weapons/weapon_ace_grenade/init.lua,7,SWEP:DoAmmoStatDisplay,global,review-required,GMod framework callback,function,shared-or-unknown,review-required
lua/weapons/weapon_ace_grenade/init.lua,19,SWEP:Equip,global,review-required,GMod framework callback,function,shared-or-unknown,review-required
lua/weapons/weapon_ace_grenade/shared.lua,39,SWEP:Deploy,global,review-required,GMod framework callback,function,shared-or-unknown,review-required
lua/weapons/weapon_ace_grenade/shared.lua,50,SWEP:ThrowNade,global,review-required,GMod framework callback,function,shared-or-unknown,review-required
lua/weapons/weapon_ace_grenade/shared.lua,54,,anonymous,review-required,GMod framework callback,anonymous-function,shared-or-unknown,review-required
lua/weapons/weapon_ace_grenade/shared.lua,56,,anonymous,review-required,GMod framework callback,anonymous-function,shared-or-unknown,review-required
lua/weapons/weapon_ace_grenade/shared.lua,94,SWEP:PrimaryAttack,global,review-required,GMod framework callback,function,shared-or-unknown,review-required
lua/weapons/weapon_ace_grenade/shared.lua,109,SWEP:SecondaryAttack,global,review-required,GMod framework callback,function,shared-or-unknown,review-required
lua/weapons/weapon_ace_grenade/shared.lua,133,SWEP:Think,global,review-required,GMod framework callback,function,shared-or-unknown,review-required
lua/weapons/weapon_ace_grenade/shared.lua,141,SWEP:Reload,global,review-required,GMod framework callback,function,shared-or-unknown,review-required
lua/weapons/weapon_ace_grenade/shared.lua,144,SWEP:ShouldDrawViewModel,global,review-required,GMod framework callback,function,shared-or-unknown,review-required
lua/weapons/weapon_ace_javelin/cl_init.lua,2,SWEP:DoDrawCrosshair,global,review-required,GMod framework callback,function,shared-or-unknown,review-required
lua/weapons/weapon_ace_javelin/init.lua,5,SWEP:Equip,global,review-required,GMod framework callback,function,shared-or-unknown,review-required
lua/weapons/weapon_ace_javelin/init.lua,15,SWEP:DoAmmoStatDisplay,global,review-required,GMod framework callback,function,shared-or-unknown,review-required
lua/weapons/weapon_ace_javelin/shared.lua,85,SWEP:SetupDataTables,global,review-required,GMod framework callback,function,shared-or-unknown,review-required
lua/weapons/weapon_ace_javelin/shared.lua,102,SWEP:DrawWorldModel,global,review-required,GMod framework callback,function,shared-or-unknown,review-required
lua/weapons/weapon_ace_javelin/shared.lua,131,SWEP:InitBulletData,global,review-required,GMod framework callback,function,shared-or-unknown,review-required
lua/weapons/weapon_ace_javelin/shared.lua,215,SWEP:GetViewModelPosition,global,review-required,GMod framework callback,function,shared-or-unknown,review-required
lua/weapons/weapon_ace_javelin/shared.lua,241,SWEP:GetWhitelistedEntsInCone,global,review-required,GMod framework callback,function,shared-or-unknown,review-required
lua/weapons/weapon_ace_javelin/shared.lua,275,LOSdata.filter,global,review-required,GMod framework callback,function-assignment,shared-or-unknown,review-required
lua/weapons/weapon_ace_javelin/shared.lua,292,SWEP:AcquireLock,global,review-required,GMod framework callback,function,shared-or-unknown,review-required
lua/weapons/weapon_ace_javelin/shared.lua,367,BreakLock,local,review-required,GMod framework callback,function,shared-or-unknown,inventory-confirmed
lua/weapons/weapon_ace_javelin/shared.lua,374,HasLockOnProgress,local,review-required,GMod framework callback,function,shared-or-unknown,inventory-confirmed
lua/weapons/weapon_ace_javelin/shared.lua,378,InLockOn,local,review-required,GMod framework callback,function,shared-or-unknown,inventory-confirmed
lua/weapons/weapon_ace_javelin/shared.lua,382,SWEP:PrimaryAttack,global,review-required,GMod framework callback,function,shared-or-unknown,review-required
lua/weapons/weapon_ace_javelin/shared.lua,471,SWEP:Think,global,review-required,GMod framework callback,function,shared-or-unknown,review-required
lua/weapons/weapon_ace_javelin/shared.lua,543,SWEP:Holster,global,review-required,GMod framework callback,function,shared-or-unknown,review-required
lua/weapons/weapon_ace_m16/shared.lua,64,SWEP:InitBulletData,global,review-required,GMod framework callback,function,shared-or-unknown,review-required
lua/weapons/weapon_ace_m249saw/shared.lua,65,SWEP:InitBulletData,global,review-required,GMod framework callback,function,shared-or-unknown,review-required
lua/weapons/weapon_ace_m3super90/shared.lua,67,SWEP:InitBulletData,global,review-required,GMod framework callback,function,shared-or-unknown,review-required
lua/weapons/weapon_ace_mac10/shared.lua,64,SWEP:InitBulletData,global,review-required,GMod framework callback,function,shared-or-unknown,review-required
lua/weapons/weapon_ace_minedetector/cl_init.lua,34,,anonymous,review-required,GMod framework callback,anonymous-function,shared-or-unknown,review-required
lua/weapons/weapon_ace_minedetector/cl_init.lua,46,,anonymous,review-required,GMod framework callback,anonymous-function,shared-or-unknown,review-required
lua/weapons/weapon_ace_minedetector/cl_init.lua,56,,anonymous,review-required,GMod framework callback,anonymous-function,shared-or-unknown,review-required
lua/weapons/weapon_ace_minedetector/cl_init.lua,63,SWEP:OnThink,global,review-required,GMod framework callback,function,shared-or-unknown,review-required
lua/weapons/weapon_ace_minedetector/cl_init.lua,72,SWEP:HandleBeeping,global,review-required,GMod framework callback,function,shared-or-unknown,review-required
lua/weapons/weapon_ace_minedetector/cl_init.lua,83,SWEP:DoDrawCrosshair,global,review-required,GMod framework callback,function,shared-or-unknown,review-required
lua/weapons/weapon_ace_minedetector/cl_init.lua,135,SWEP:DrawMinigameUI,global,review-required,GMod framework callback,function,shared-or-unknown,review-required
lua/weapons/weapon_ace_minedetector/cl_init.lua,264,SWEP:DrawHUD,global,review-required,GMod framework callback,function,shared-or-unknown,review-required
lua/weapons/weapon_ace_minedetector/cl_init.lua,277,SWEP:DrawMineMarker,global,review-required,GMod framework callback,function,shared-or-unknown,review-required
lua/weapons/weapon_ace_minedetector/cl_init.lua,305,SWEP:DrawRadar,global,review-required,GMod framework callback,function,shared-or-unknown,review-required
lua/weapons/weapon_ace_minedetector/cl_init.lua,442,,anonymous,review-required,GMod framework callback,anonymous-function,shared-or-unknown,review-required
lua/weapons/weapon_ace_minedetector/init.lua,11,SWEP:Initialize,global,review-required,GMod framework callback,function,shared-or-unknown,review-required
lua/weapons/weapon_ace_minedetector/init.lua,33,SWEP:ResetState,global,review-required,GMod framework callback,function,shared-or-unknown,review-required
lua/weapons/weapon_ace_minedetector/init.lua,48,SWEP:OnThink,global,review-required,GMod framework callback,function,shared-or-unknown,review-required
lua/weapons/weapon_ace_minedetector/init.lua,65,SWEP:ScanForMines,global,review-required,GMod framework callback,function,shared-or-unknown,review-required
lua/weapons/weapon_ace_minedetector/init.lua,83,SWEP:NetworkDetectedMines,global,review-required,GMod framework callback,function,shared-or-unknown,review-required
lua/weapons/weapon_ace_minedetector/init.lua,97,ShuffleTable,local,review-required,GMod framework callback,function,shared-or-unknown,inventory-confirmed
lua/weapons/weapon_ace_minedetector/init.lua,115,SWEP:StartMinigame,global,review-required,GMod framework callback,function,shared-or-unknown,review-required
lua/weapons/weapon_ace_minedetector/init.lua,199,,anonymous,review-required,GMod framework callback,anonymous-function,shared-or-unknown,review-required
lua/weapons/weapon_ace_minedetector/init.lua,206,SWEP:SendZoneOrder,global,review-required,GMod framework callback,function,shared-or-unknown,review-required
lua/weapons/weapon_ace_minedetector/init.lua,218,SWEP:ShuffleZones,global,review-required,GMod framework callback,function,shared-or-unknown,review-required
lua/weapons/weapon_ace_minedetector/init.lua,231,SWEP:UpdateMinigame,global,review-required,GMod framework callback,function,shared-or-unknown,review-required
lua/weapons/weapon_ace_minedetector/init.lua,267,SWEP:UpdateMemorizePhase,global,review-required,GMod framework callback,function,shared-or-unknown,review-required
lua/weapons/weapon_ace_minedetector/init.lua,275,,anonymous,review-required,GMod framework callback,anonymous-function,shared-or-unknown,review-required
lua/weapons/weapon_ace_minedetector/init.lua,291,,anonymous,review-required,GMod framework callback,anonymous-function,shared-or-unknown,review-required
lua/weapons/weapon_ace_minedetector/init.lua,295,,anonymous,review-required,GMod framework callback,anonymous-function,shared-or-unknown,review-required
lua/weapons/weapon_ace_minedetector/init.lua,309,SWEP:StartReplayPhase,global,review-required,GMod framework callback,function,shared-or-unknown,review-required
lua/weapons/weapon_ace_minedetector/init.lua,317,SWEP:UpdateReplayPhase,global,review-required,GMod framework callback,function,shared-or-unknown,review-required
lua/weapons/weapon_ace_minedetector/init.lua,333,SWEP:GetActualZoneAtPosition,global,review-required,GMod framework callback,function,shared-or-unknown,review-required
lua/weapons/weapon_ace_minedetector/init.lua,349,SWEP:AttemptClick,global,review-required,GMod framework callback,function,shared-or-unknown,review-required
lua/weapons/weapon_ace_minedetector/init.lua,378,SWEP:EndMinigame,global,review-required,GMod framework callback,function,shared-or-unknown,review-required
lua/weapons/weapon_ace_minedetector/init.lua,406,,anonymous,review-required,GMod framework callback,anonymous-function,shared-or-unknown,review-required
lua/weapons/weapon_ace_minedetector/init.lua,423,SWEP:CollectMine,global,review-required,GMod framework callback,function,shared-or-unknown,review-required
lua/weapons/weapon_ace_minedetector/init.lua,448,SWEP:PrimaryAttack,global,review-required,GMod framework callback,function,shared-or-unknown,review-required
lua/weapons/weapon_ace_minedetector/init.lua,493,SWEP:SecondaryAttack,global,review-required,GMod framework callback,function,shared-or-unknown,review-required
lua/weapons/weapon_ace_minedetector/init.lua,563,SWEP:Reload,global,review-required,GMod framework callback,function,shared-or-unknown,review-required
lua/weapons/weapon_ace_minedetector/init.lua,585,,anonymous,review-required,GMod framework callback,anonymous-function,shared-or-unknown,review-required
lua/weapons/weapon_ace_minedetector/init.lua,593,SWEP:Equip,global,review-required,GMod framework callback,function,shared-or-unknown,review-required
lua/weapons/weapon_ace_minedetector/shared.lua,117,SWEP:SetupDataTables,global,review-required,GMod framework callback,function,shared-or-unknown,review-required
lua/weapons/weapon_ace_minedetector/shared.lua,138,SWEP:Initialize,global,review-required,GMod framework callback,function,shared-or-unknown,review-required
lua/weapons/weapon_ace_minedetector/shared.lua,158,SWEP:ResetState,global,review-required,GMod framework callback,function,shared-or-unknown,review-required
lua/weapons/weapon_ace_minedetector/shared.lua,173,SWEP:GetMineDifficulty,global,review-required,GMod framework callback,function,shared-or-unknown,review-required
lua/weapons/weapon_ace_minedetector/shared.lua,179,SWEP:IdentifyMineType,global,review-required,GMod framework callback,function,shared-or-unknown,review-required
lua/weapons/weapon_ace_minedetector/shared.lua,201,SWEP:GetCurrentZone,global,review-required,GMod framework callback,function,shared-or-unknown,review-required
lua/weapons/weapon_ace_minedetector/shared.lua,215,SWEP:IsInDetectionCone,global,review-required,GMod framework callback,function,shared-or-unknown,review-required
lua/weapons/weapon_ace_minedetector/shared.lua,229,SWEP:GetMinesInRange,global,review-required,GMod framework callback,function,shared-or-unknown,review-required
lua/weapons/weapon_ace_minedetector/shared.lua,236,AddMine,local,review-required,GMod framework callback,function,shared-or-unknown,inventory-confirmed
lua/weapons/weapon_ace_minedetector/shared.lua,262,,anonymous,review-required,GMod framework callback,anonymous-function,shared-or-unknown,review-required
lua/weapons/weapon_ace_minedetector/shared.lua,265,SWEP:PrimaryAttack,global,review-required,GMod framework callback,function,shared-or-unknown,review-required
lua/weapons/weapon_ace_minedetector/shared.lua,267,SWEP:SecondaryAttack,global,review-required,GMod framework callback,function,shared-or-unknown,review-required
lua/weapons/weapon_ace_minedetector/shared.lua,268,SWEP:Reload,global,review-required,GMod framework callback,function,shared-or-unknown,review-required
lua/weapons/weapon_ace_minedetector/shared.lua,269,SWEP:Think,global,review-required,GMod framework callback,function,shared-or-unknown,review-required
lua/weapons/weapon_ace_minedetector/shared.lua,273,SWEP:OnThink,global,review-required,GMod framework callback,function,shared-or-unknown,review-required
lua/weapons/weapon_ace_minedetector/shared.lua,275,SWEP:Holster,global,review-required,GMod framework callback,function,shared-or-unknown,review-required
lua/weapons/weapon_ace_minedetector/shared.lua,284,SWEP:Deploy,global,review-required,GMod framework callback,function,shared-or-unknown,review-required
lua/weapons/weapon_ace_mp5/shared.lua,64,SWEP:InitBulletData,global,review-required,GMod framework callback,function,shared-or-unknown,review-required
lua/weapons/weapon_ace_p228/shared.lua,64,SWEP:InitBulletData,global,review-required,GMod framework callback,function,shared-or-unknown,review-required
lua/weapons/weapon_ace_p90/shared.lua,64,SWEP:InitBulletData,global,review-required,GMod framework callback,function,shared-or-unknown,review-required
lua/weapons/weapon_ace_portablemortar/cl_init.lua,2,SWEP:DrawScope,global,review-required,GMod framework callback,function,shared-or-unknown,review-required
lua/weapons/weapon_ace_portablemortar/cl_init.lua,18,SWEP:DoDrawCrosshair,global,review-required,GMod framework callback,function,shared-or-unknown,review-required
lua/weapons/weapon_ace_portablemortar/shared.lua,101,SWEP:DrawWorldModel,global,review-required,GMod framework callback,function,shared-or-unknown,review-required
lua/weapons/weapon_ace_portablemortar/shared.lua,190,SWEP:SetupDataTables,global,review-required,GMod framework callback,function,shared-or-unknown,review-required
lua/weapons/weapon_ace_portablemortar/shared.lua,201,SWEP:OnPrimaryAttack,global,review-required,GMod framework callback,function,shared-or-unknown,review-required
lua/weapons/weapon_ace_portablemortar/shared.lua,207,SWEP:SecondaryAttack,global,review-required,GMod framework callback,function,shared-or-unknown,review-required
lua/weapons/weapon_ace_portablemortar/shared.lua,218,SWEP:SetOwnerZoomSpeed,global,review-required,GMod framework callback,function,shared-or-unknown,review-required
lua/weapons/weapon_ace_portablemortar/shared.lua,238,SWEP:GetViewModelPosition,global,review-required,GMod framework callback,function,shared-or-unknown,review-required
lua/weapons/weapon_ace_portablemortar/shared.lua,263,SWEP:InitBulletData,global,review-required,GMod framework callback,function,shared-or-unknown,review-required
lua/weapons/weapon_ace_portablemortar/shared.lua,337,SWEP:InitBulletData2,global,review-required,GMod framework callback,function,shared-or-unknown,review-required
lua/weapons/weapon_ace_portablemortar/shared.lua,410,SWEP:InitBulletData3,global,review-required,GMod framework callback,function,shared-or-unknown,review-required
lua/weapons/weapon_ace_portablemortar/shared.lua,458,SWEP:Reload,global,review-required,GMod framework callback,function,shared-or-unknown,review-required
lua/weapons/weapon_ace_portablemortar/shared.lua,476,SWEP:Shoot,global,review-required,GMod framework callback,function,shared-or-unknown,review-required
lua/weapons/weapon_ace_portablemortar/shared.lua,528,SWEP:PrimaryAttack,global,review-required,GMod framework callback,function,shared-or-unknown,review-required
lua/weapons/weapon_ace_portablemortar/shared.lua,586,SWEP:Think,global,review-required,GMod framework callback,function,shared-or-unknown,review-required
lua/weapons/weapon_ace_scout/shared.lua,64,SWEP:InitBulletData,global,review-required,GMod framework callback,function,shared-or-unknown,review-required
lua/weapons/weapon_ace_sg552/shared.lua,64,SWEP:InitBulletData,global,review-required,GMod framework callback,function,shared-or-unknown,review-required
lua/weapons/weapon_ace_slam/init.lua,7,SWEP:DoAmmoStatDisplay,global,review-required,GMod framework callback,function,shared-or-unknown,review-required
lua/weapons/weapon_ace_slam/init.lua,20,SWEP:Equip,global,review-required,GMod framework callback,function,shared-or-unknown,review-required
lua/weapons/weapon_ace_slam/shared.lua,66,SWEP:SetupDataTables,global,review-required,GMod framework callback,function,shared-or-unknown,review-required
lua/weapons/weapon_ace_slam/shared.lua,71,,anonymous,review-required,GMod framework callback,anonymous-function,shared-or-unknown,review-required
lua/weapons/weapon_ace_slam/shared.lua,80,SWEP:InitBulletData,global,review-required,GMod framework callback,function,shared-or-unknown,review-required
lua/weapons/weapon_ace_slam/shared.lua,153,SWEP:PrimaryAttack,global,review-required,GMod framework callback,function,shared-or-unknown,review-required
lua/weapons/weapon_ace_slam/shared.lua,223,SWEP:SecondaryAttack,global,review-required,GMod framework callback,function,shared-or-unknown,review-required
lua/weapons/weapon_ace_slam/shared.lua,229,SWEP:Think,global,review-required,GMod framework callback,function,shared-or-unknown,review-required
lua/weapons/weapon_ace_slam/shared.lua,232,SWEP:Deploy,global,review-required,GMod framework callback,function,shared-or-unknown,review-required
lua/weapons/weapon_ace_slam/shared.lua,236,SWEP:Reload,global,review-required,GMod framework callback,function,shared-or-unknown,review-required
lua/weapons/weapon_ace_smokegrenade/init.lua,7,SWEP:DoAmmoStatDisplay,global,review-required,GMod framework callback,function,shared-or-unknown,review-required
lua/weapons/weapon_ace_smokegrenade/init.lua,14,SWEP:Equip,global,review-required,GMod framework callback,function,shared-or-unknown,review-required
lua/weapons/weapon_ace_smokegrenade/shared.lua,39,SWEP:Deploy,global,review-required,GMod framework callback,function,shared-or-unknown,review-required
lua/weapons/weapon_ace_smokegrenade/shared.lua,50,SWEP:ThrowNade,global,review-required,GMod framework callback,function,shared-or-unknown,review-required
lua/weapons/weapon_ace_smokegrenade/shared.lua,54,,anonymous,review-required,GMod framework callback,anonymous-function,shared-or-unknown,review-required
lua/weapons/weapon_ace_smokegrenade/shared.lua,56,,anonymous,review-required,GMod framework callback,anonymous-function,shared-or-unknown,review-required
lua/weapons/weapon_ace_smokegrenade/shared.lua,94,SWEP:PrimaryAttack,global,review-required,GMod framework callback,function,shared-or-unknown,review-required
lua/weapons/weapon_ace_smokegrenade/shared.lua,109,SWEP:SecondaryAttack,global,review-required,GMod framework callback,function,shared-or-unknown,review-required
lua/weapons/weapon_ace_smokegrenade/shared.lua,132,SWEP:Think,global,review-required,GMod framework callback,function,shared-or-unknown,review-required
lua/weapons/weapon_ace_smokegrenade/shared.lua,140,SWEP:Reload,global,review-required,GMod framework callback,function,shared-or-unknown,review-required
lua/weapons/weapon_ace_smokegrenade/shared.lua,143,SWEP:ShouldDrawViewModel,global,review-required,GMod framework callback,function,shared-or-unknown,review-required
lua/weapons/weapon_ace_stinger/cl_init.lua,2,SWEP:DoDrawCrosshair,global,review-required,GMod framework callback,function,shared-or-unknown,review-required
lua/weapons/weapon_ace_stinger/init.lua,5,SWEP:Equip,global,review-required,GMod framework callback,function,shared-or-unknown,review-required
lua/weapons/weapon_ace_stinger/init.lua,11,SWEP:DoAmmoStatDisplay,global,review-required,GMod framework callback,function,shared-or-unknown,review-required
lua/weapons/weapon_ace_stinger/shared.lua,84,SWEP:SetupDataTables,global,review-required,GMod framework callback,function,shared-or-unknown,review-required
lua/weapons/weapon_ace_stinger/shared.lua,94,SWEP:InitBulletData,global,review-required,GMod framework callback,function,shared-or-unknown,review-required
lua/weapons/weapon_ace_stinger/shared.lua,166,SWEP:GetViewModelPosition,global,review-required,GMod framework callback,function,shared-or-unknown,review-required
lua/weapons/weapon_ace_stinger/shared.lua,195,SWEP:GetWhitelistedEntsInCone,global,review-required,GMod framework callback,function,shared-or-unknown,review-required
lua/weapons/weapon_ace_stinger/shared.lua,228,LOSdata.filter,global,review-required,GMod framework callback,function-assignment,shared-or-unknown,review-required
lua/weapons/weapon_ace_stinger/shared.lua,245,SWEP:AcquireLock,global,review-required,GMod framework callback,function,shared-or-unknown,review-required
lua/weapons/weapon_ace_stinger/shared.lua,321,BreakLock,local,review-required,GMod framework callback,function,shared-or-unknown,inventory-confirmed
lua/weapons/weapon_ace_stinger/shared.lua,329,HasLockOnProgress,local,review-required,GMod framework callback,function,shared-or-unknown,inventory-confirmed
lua/weapons/weapon_ace_stinger/shared.lua,333,InLockOn,local,review-required,GMod framework callback,function,shared-or-unknown,inventory-confirmed
lua/weapons/weapon_ace_stinger/shared.lua,337,SWEP:PrimaryAttack,global,review-required,GMod framework callback,function,shared-or-unknown,review-required
lua/weapons/weapon_ace_stinger/shared.lua,425,SWEP:Think,global,review-required,GMod framework callback,function,shared-or-unknown,review-required
lua/weapons/weapon_ace_stinger/shared.lua,498,SWEP:Holster,global,review-required,GMod framework callback,function,shared-or-unknown,review-required
lua/weapons/weapon_ace_tmp/shared.lua,64,SWEP:InitBulletData,global,review-required,GMod framework callback,function,shared-or-unknown,review-required
lua/weapons/weapon_ace_torch/cl_init.lua,18,SWEP:ViewModelDrawn,global,review-required,GMod framework callback,function,shared-or-unknown,review-required
lua/weapons/weapon_ace_torch/shared.lua,37,SWEP:Initialize,global,review-required,GMod framework callback,function,shared-or-unknown,review-required
lua/weapons/weapon_ace_torch/shared.lua,57,SWEP:Think,global,review-required,GMod framework callback,function,shared-or-unknown,review-required
lua/weapons/weapon_ace_torch/shared.lua,89,SWEP:PrimaryAttack,global,review-required,GMod framework callback,function,shared-or-unknown,review-required
lua/weapons/weapon_ace_torch/shared.lua,165,SWEP:SecondaryAttack,global,review-required,GMod framework callback,function,shared-or-unknown,review-required
lua/weapons/weapon_ace_torch/shared.lua,234,SWEP:Reload,global,review-required,GMod framework callback,function,shared-or-unknown,review-required
lua/weapons/weapon_ace_torch/shared.lua,240,ACE.TeslaSpark,global,ACE.table,ACE.table,function,shared-or-unknown,inventory-confirmed
lua/weapons/weapon_ace_ump45/shared.lua,64,SWEP:InitBulletData,global,review-required,GMod framework callback,function,shared-or-unknown,review-required
lua/weapons/weapon_ace_usp/shared.lua,67,SWEP:InitBulletData,global,review-required,GMod framework callback,function,shared-or-unknown,review-required
lua/weapons/weapon_ace_xm1014/shared.lua,65,SWEP:InitBulletData,global,review-required,GMod framework callback,function,shared-or-unknown,review-required
lua/weapons/weapon_ace_xm25/cl_init.lua,2,SWEP:DrawScope,global,review-required,GMod framework callback,function,shared-or-unknown,review-required
lua/weapons/weapon_ace_xm25/cl_init.lua,18,SWEP:DoDrawCrosshair,global,review-required,GMod framework callback,function,shared-or-unknown,review-required
lua/weapons/weapon_ace_xm25/shared.lua,68,SWEP:SetupDataTables,global,review-required,GMod framework callback,function,shared-or-unknown,review-required
lua/weapons/weapon_ace_xm25/shared.lua,78,SWEP:OnPrimaryAttack,global,review-required,GMod framework callback,function,shared-or-unknown,review-required
lua/weapons/weapon_ace_xm25/shared.lua,85,SWEP:SecondaryAttack,global,review-required,GMod framework callback,function,shared-or-unknown,review-required
lua/weapons/weapon_ace_xm25/shared.lua,128,SWEP:InitBulletData,global,review-required,GMod framework callback,function,shared-or-unknown,review-required
lua/weapons/weapon_szcreator/cl_init.lua,9,,anonymous,review-required,GMod framework callback,anonymous-function,shared-or-unknown,review-required
lua/weapons/weapon_szcreator/cl_init.lua,30,TextEntry.OnChange,global,review-required,GMod framework callback,function-assignment,shared-or-unknown,review-required
lua/weapons/weapon_szcreator/cl_init.lua,39,button.DoClick,global,review-required,GMod framework callback,function-assignment,shared-or-unknown,review-required
lua/weapons/weapon_szcreator/shared.lua,39,SWEP:PrimaryAttack,global,review-required,GMod framework callback,function,shared-or-unknown,review-required
lua/weapons/weapon_szcreator/shared.lua,91,SWEP:SecondaryAttack,global,review-required,GMod framework callback,function,shared-or-unknown,review-required
lua/weapons/weapon_szcreator/shared.lua,146,SWEP:Think,global,review-required,GMod framework callback,function,shared-or-unknown,review-required
lua/weapons/weapon_szcreator/shared.lua,149,SWEP:Reload,global,review-required,GMod framework callback,function,shared-or-unknown,review-required
tests/client/ace_namespace_client_probe.lua,17,check,local,review-required,canonical helper candidate,function,client-or-shared,review-required
tests/client/ace_namespace_client_probe.lua,25,checkFunction,local,review-required,canonical helper candidate,function,client-or-shared,review-required
tests/client/ace_namespace_client_probe.lua,29,resolveFunction,local,review-required,canonical helper candidate,function,client-or-shared,review-required
tests/client/ace_namespace_client_probe.lua,39,finish,local,review-required,canonical helper candidate,function,client-or-shared,review-required
tests/client/ace_namespace_client_probe.lua,47,startChecks,local,review-required,canonical helper candidate,function,client-or-shared,review-required
tests/client/ace_namespace_client_probe.lua,50,,anonymous,review-required,canonical helper candidate,anonymous-function,client-or-shared,review-required
tests/client/ace_namespace_client_probe.lua,160,,anonymous,review-required,canonical helper candidate,anonymous-function,client-or-shared,review-required
tests/gluatest_overrides/lua/autorun/ace_gluatest_guard.lua,4,,anonymous,review-required,canonical helper candidate,anonymous-function,shared-or-unknown,review-required
tests/headless/ace_namespace_runtime_probe.lua,31,getHookBullet,local,review-required,canonical helper candidate,function,shared-or-unknown,review-required
tests/headless/ace_namespace_runtime_probe.lua,38,isProbeBullet,local,review-required,canonical helper candidate,function,shared-or-unknown,review-required
tests/headless/ace_namespace_runtime_probe.lua,44,,anonymous,review-required,canonical helper candidate,anonymous-function,shared-or-unknown,review-required
tests/headless/ace_namespace_runtime_probe.lua,47,,anonymous,review-required,canonical helper candidate,anonymous-function,shared-or-unknown,review-required
tests/headless/ace_namespace_runtime_probe.lua,50,,anonymous,review-required,canonical helper candidate,anonymous-function,shared-or-unknown,review-required
tests/headless/ace_namespace_runtime_probe.lua,53,,anonymous,review-required,canonical helper candidate,anonymous-function,shared-or-unknown,review-required
tests/headless/ace_namespace_runtime_probe.lua,56,,anonymous,review-required,canonical helper candidate,anonymous-function,shared-or-unknown,review-required
tests/headless/ace_namespace_runtime_probe.lua,59,check,local,review-required,canonical helper candidate,function,shared-or-unknown,review-required
tests/headless/ace_namespace_runtime_probe.lua,67,checkFunction,local,review-required,canonical helper candidate,function,shared-or-unknown,review-required
tests/headless/ace_namespace_runtime_probe.lua,71,resolveFunction,local,review-required,canonical helper candidate,function,shared-or-unknown,review-required
tests/headless/ace_namespace_runtime_probe.lua,81,cleanup,global,review-required,canonical helper candidate,function-assignment,shared-or-unknown,review-required
tests/headless/ace_namespace_runtime_probe.lua,107,writeResults,local,review-required,canonical helper candidate,function,shared-or-unknown,review-required
tests/headless/ace_namespace_runtime_probe.lua,118,,anonymous,review-required,canonical helper candidate,anonymous-function,shared-or-unknown,review-required
tests/headless/ace_namespace_runtime_probe.lua,119,,anonymous,review-required,canonical helper candidate,anonymous-function,shared-or-unknown,review-required
tests/headless/ace_namespace_runtime_probe.lua,207,entityMeta.CPPISetOwner,global,review-required,canonical helper candidate,function-assignment,shared-or-unknown,review-required
tests/headless/ace_namespace_runtime_probe.lua,210,entityMeta.UniqueID,global,review-required,canonical helper candidate,function-assignment,shared-or-unknown,review-required
tests/headless/ace_namespace_runtime_probe.lua,215,owner.CheckLimit,global,review-required,canonical helper candidate,function-assignment,shared-or-unknown,review-required
tests/headless/ace_namespace_runtime_probe.lua,216,owner.AddCount,global,review-required,canonical helper candidate,function-assignment,shared-or-unknown,review-required
tests/headless/ace_namespace_runtime_probe.lua,217,owner.AddCleanup,global,review-required,canonical helper candidate,function-assignment,shared-or-unknown,review-required
tests/headless/ace_namespace_runtime_probe.lua,293,,anonymous,review-required,canonical helper candidate,anonymous-function,shared-or-unknown,review-required
tests/headless/ace_namespace_runtime_probe.lua,302,owner.GetInfo,global,review-required,canonical helper candidate,function-assignment,shared-or-unknown,review-required
tests/headless/ace_namespace_runtime_probe.lua,334,,anonymous,review-required,canonical helper candidate,anonymous-function,shared-or-unknown,review-required
tests/headless/ace_namespace_runtime_probe.lua,354,,anonymous,review-required,canonical helper candidate,anonymous-function,shared-or-unknown,review-required
tests/headless/ace_namespace_runtime_probe.lua,359,,anonymous,review-required,canonical helper candidate,anonymous-function,shared-or-unknown,review-required
tests/headless/ace_namespace_runtime_probe.lua,364,,anonymous,review-required,canonical helper candidate,anonymous-function,shared-or-unknown,review-required
tests/lua/ace_bullet_filter_selftest.lua,5,,anonymous,review-required,canonical helper candidate,anonymous-function,shared-or-unknown,review-required
tests/lua/ace_bullet_filter_selftest.lua,9,Add,global,review-required,canonical helper candidate,function-assignment,shared-or-unknown,review-required
tests/lua/ace_bullet_filter_selftest.lua,14,IsValid,global,review-required,canonical helper candidate,function,shared-or-unknown,review-required
tests/lua/ace_bullet_filter_selftest.lua,18,entity,local,review-required,canonical helper candidate,function,shared-or-unknown,review-required
tests/lua/ace_bullet_filter_selftest.lua,20,,anonymous,review-required,canonical helper candidate,anonymous-function,shared-or-unknown,review-required
tests/lua/ace_entity_state_luajit_selftest.lua,5,istable,global,review-required,canonical helper candidate,function,shared-or-unknown,review-required
tests/lua/ace_legacy_compatibility_luajit_selftest.lua,3,exists,local,review-required,canonical helper candidate,function,shared-or-unknown,review-required
tests/lua/ace_missile_launch_luajit_selftest.lua,21,ACE.AcquireBullet,global,ACE.table,ACE.table,function,shared-or-unknown,inventory-confirmed
tests/lua/ace_missile_launch_luajit_selftest.lua,29,ACE.RegisterBullet,global,ACE.table,ACE.table,function,shared-or-unknown,inventory-confirmed
tests/lua/ace_missile_launch_luajit_selftest.lua,35,ACE.BulletClient,global,ACE.table,ACE.table,function,shared-or-unknown,inventory-confirmed
tests/lua/ace_missile_launch_luajit_selftest.lua,73,propimpact,global,review-required,canonical helper candidate,function-assignment,shared-or-unknown,review-required
tests/lua/ace_points_invalidation_matrix_luajit_selftest.lua,8,Defuse,global,review-required,canonical helper candidate,function-assignment,shared-or-unknown,review-required
tests/lua/ace_points_invalidation_matrix_luajit_selftest.lua,15,isEntity,local,review-required,canonical helper candidate,function,shared-or-unknown,review-required
tests/lua/ace_points_invalidation_matrix_luajit_selftest.lua,19,include,global,review-required,canonical helper candidate,function,shared-or-unknown,review-required
tests/lua/ace_points_invalidation_matrix_luajit_selftest.lua,25,IsValid,global,review-required,canonical helper candidate,function,shared-or-unknown,review-required
tests/lua/ace_points_invalidation_matrix_luajit_selftest.lua,27,ACE.IsEnt,global,ACE.table,ACE.table,function,shared-or-unknown,inventory-confirmed
tests/lua/ace_points_invalidation_matrix_luajit_selftest.lua,28,isnumber,global,review-required,canonical helper candidate,function,shared-or-unknown,review-required
tests/lua/ace_points_invalidation_matrix_luajit_selftest.lua,29,ACE.GetContraptionFromEntity,global,ACE.table,ACE.table,function,shared-or-unknown,inventory-confirmed
tests/lua/ace_points_invalidation_matrix_luajit_selftest.lua,30,ACE.GetWeaponAnchorContraption,global,ACE.table,ACE.table,function,shared-or-unknown,inventory-confirmed
tests/lua/ace_points_invalidation_matrix_luajit_selftest.lua,31,ACE.GetOwnerName,global,ACE.table,ACE.table,function,shared-or-unknown,inventory-confirmed
tests/lua/ace_points_invalidation_matrix_luajit_selftest.lua,32,ACE.GetContraptionOwner,global,ACE.table,ACE.table,function,shared-or-unknown,inventory-confirmed
tests/lua/ace_points_invalidation_matrix_luajit_selftest.lua,33,ACE.GetPtsType,global,ACE.table,ACE.table,function,shared-or-unknown,inventory-confirmed
tests/lua/ace_points_invalidation_matrix_luajit_selftest.lua,38,ACE.GetEntPoints,global,ACE.table,ACE.table,function,shared-or-unknown,inventory-confirmed
tests/lua/ace_points_invalidation_matrix_luajit_selftest.lua,39,ACE.GetArmorPoints,global,ACE.table,ACE.table,function,shared-or-unknown,inventory-confirmed
tests/lua/ace_points_invalidation_matrix_luajit_selftest.lua,40,ACE.GetCrewSeatPointCost,global,ACE.table,ACE.table,function,shared-or-unknown,inventory-confirmed
tests/lua/ace_points_invalidation_matrix_luajit_selftest.lua,41,ACE.GetGunFirepowerPointsFor,global,ACE.table,ACE.table,function,shared-or-unknown,inventory-confirmed
tests/lua/ace_points_invalidation_matrix_luajit_selftest.lua,42,Color,global,review-required,canonical helper candidate,function,shared-or-unknown,review-required
tests/lua/ace_points_invalidation_matrix_luajit_selftest.lua,43,ACE.ChatMessageGlobal,global,ACE.table,ACE.table,function,shared-or-unknown,inventory-confirmed
tests/lua/ace_points_invalidation_matrix_luajit_selftest.lua,44,table.IsEmpty,global,review-required,canonical helper candidate,function-assignment,shared-or-unknown,review-required
tests/lua/ace_points_invalidation_matrix_luajit_selftest.lua,46,,anonymous,review-required,canonical helper candidate,anonymous-function,shared-or-unknown,review-required
tests/lua/ace_points_invalidation_matrix_luajit_selftest.lua,50,Add,global,review-required,canonical helper candidate,function-assignment,shared-or-unknown,review-required
tests/lua/ace_points_invalidation_matrix_luajit_selftest.lua,54,Run,global,review-required,canonical helper candidate,function-assignment,shared-or-unknown,review-required
tests/lua/ace_points_invalidation_matrix_luajit_selftest.lua,62,Add,global,review-required,canonical helper candidate,function-assignment,shared-or-unknown,review-required
tests/lua/ace_points_invalidation_matrix_luajit_selftest.lua,66,SetMass,global,review-required,canonical helper candidate,function-assignment,shared-or-unknown,review-required
tests/lua/ace_points_invalidation_matrix_luajit_selftest.lua,67,GetMass,global,review-required,canonical helper candidate,function-assignment,shared-or-unknown,review-required
tests/lua/ace_points_invalidation_matrix_luajit_selftest.lua,68,GetEntity,global,review-required,canonical helper candidate,function-assignment,shared-or-unknown,review-required
tests/lua/ace_points_invalidation_matrix_luajit_selftest.lua,70,FindMetaTable,global,review-required,canonical helper candidate,function,shared-or-unknown,review-required
tests/lua/ace_points_invalidation_matrix_luajit_selftest.lua,76,ACE.ClearArmorPointCache,global,ACE.table,ACE.table,function,shared-or-unknown,inventory-confirmed
tests/lua/ace_points_invalidation_matrix_luajit_selftest.lua,80,entitiesOf,local,review-required,canonical helper candidate,function,shared-or-unknown,review-required
tests/lua/ace_points_invalidation_matrix_luajit_selftest.lua,89,ACE.GetContraptionEntities,global,ACE.table,ACE.table,function,shared-or-unknown,inventory-confirmed
tests/lua/ace_points_invalidation_matrix_luajit_selftest.lua,99,,anonymous,review-required,canonical helper candidate,anonymous-function,shared-or-unknown,review-required
tests/lua/ace_points_invalidation_matrix_luajit_selftest.lua,102,,anonymous,review-required,canonical helper candidate,anonymous-function,shared-or-unknown,review-required
tests/lua/ace_points_invalidation_matrix_luajit_selftest.lua,105,,anonymous,review-required,canonical helper candidate,anonymous-function,shared-or-unknown,review-required
tests/lua/ace_points_invalidation_matrix_luajit_selftest.lua,110,newContraption,local,review-required,canonical helper candidate,function,shared-or-unknown,review-required
tests/lua/ace_points_invalidation_matrix_luajit_selftest.lua,118,newEntity,local,review-required,canonical helper candidate,function,shared-or-unknown,review-required
tests/lua/ace_points_invalidation_matrix_luajit_selftest.lua,125,,anonymous,review-required,canonical helper candidate,anonymous-function,shared-or-unknown,review-required
tests/lua/ace_points_invalidation_matrix_luajit_selftest.lua,126,,anonymous,review-required,canonical helper candidate,anonymous-function,shared-or-unknown,review-required
tests/lua/ace_points_invalidation_matrix_luajit_selftest.lua,127,,anonymous,review-required,canonical helper candidate,anonymous-function,shared-or-unknown,review-required
tests/lua/ace_points_invalidation_matrix_luajit_selftest.lua,130,GetMass,global,review-required,canonical helper candidate,function-assignment,shared-or-unknown,review-required
tests/lua/ace_points_invalidation_matrix_luajit_selftest.lua,135,clearLogs,local,review-required,canonical helper candidate,function,shared-or-unknown,review-required
tests/lua/ace_points_invalidation_matrix_luajit_selftest.lua,141,indexOf,local,review-required,canonical helper candidate,function,shared-or-unknown,review-required
tests/lua/ace_points_invalidation_matrix_luajit_selftest.lua,148,assertEvent,local,review-required,canonical helper candidate,function,shared-or-unknown,review-required
tests/lua/ace_points_invalidation_matrix_luajit_selftest.lua,233,assertNoEvent,local,review-required,canonical helper candidate,function,shared-or-unknown,review-required
tests/lua/ace_points_invalidation_matrix_luajit_selftest.lua,250,,anonymous,review-required,canonical helper candidate,anonymous-function,shared-or-unknown,review-required
tests/lua/ace_points_invalidation_matrix_luajit_selftest.lua,257,,anonymous,review-required,canonical helper candidate,anonymous-function,shared-or-unknown,review-required
tests/lua/ace_points_invalidation_matrix_luajit_selftest.lua,266,,anonymous,review-required,canonical helper candidate,anonymous-function,shared-or-unknown,review-required
tests/lua/ace_points_invalidation_matrix_luajit_selftest.lua,272,,anonymous,review-required,canonical helper candidate,anonymous-function,shared-or-unknown,review-required
tests/lua/ace_points_invalidation_matrix_luajit_selftest.lua,277,,anonymous,review-required,canonical helper candidate,anonymous-function,shared-or-unknown,review-required
tests/lua/ace_points_invalidation_matrix_luajit_selftest.lua,281,,anonymous,review-required,canonical helper candidate,anonymous-function,shared-or-unknown,review-required
tests/lua/ace_points_invalidation_matrix_luajit_selftest.lua,287,,anonymous,review-required,canonical helper candidate,anonymous-function,shared-or-unknown,review-required
tests/lua/ace_points_invalidation_matrix_luajit_selftest.lua,292,maskHas,local,review-required,canonical helper candidate,function,shared-or-unknown,review-required
tests/lua/ace_points_invalidation_matrix_luajit_selftest.lua,306,,anonymous,review-required,canonical helper candidate,anonymous-function,shared-or-unknown,review-required
tests/lua/ace_points_invalidation_matrix_luajit_selftest.lua,314,,anonymous,review-required,canonical helper candidate,anonymous-function,shared-or-unknown,review-required
tests/lua/ace_points_invalidation_matrix_luajit_selftest.lua,319,,anonymous,review-required,canonical helper candidate,anonymous-function,shared-or-unknown,review-required
tests/lua/ace_points_invalidation_matrix_luajit_selftest.lua,326,,anonymous,review-required,canonical helper candidate,anonymous-function,shared-or-unknown,review-required
tests/lua/ace_points_invalidation_matrix_luajit_selftest.lua,334,,anonymous,review-required,canonical helper candidate,anonymous-function,shared-or-unknown,review-required
tests/lua/ace_points_invalidation_matrix_luajit_selftest.lua,342,,anonymous,review-required,canonical helper candidate,anonymous-function,shared-or-unknown,review-required
tests/lua/ace_points_invalidation_matrix_luajit_selftest.lua,345,,anonymous,review-required,canonical helper candidate,anonymous-function,shared-or-unknown,review-required
tests/lua/ace_points_invalidation_matrix_luajit_selftest.lua,352,,anonymous,review-required,canonical helper candidate,anonymous-function,shared-or-unknown,review-required
tests/lua/ace_points_invalidation_matrix_luajit_selftest.lua,362,,anonymous,review-required,canonical helper candidate,anonymous-function,shared-or-unknown,review-required
tests/lua/ace_points_invalidation_matrix_luajit_selftest.lua,370,,anonymous,review-required,canonical helper candidate,anonymous-function,shared-or-unknown,review-required
tests/lua/ace_points_invalidation_matrix_luajit_selftest.lua,382,,anonymous,review-required,canonical helper candidate,anonymous-function,shared-or-unknown,review-required
tests/lua/ace_points_invalidation_matrix_luajit_selftest.lua,389,ledgerEnt.IsMarkedForDeletion,global,review-required,canonical helper candidate,function-assignment,shared-or-unknown,review-required
tests/lua/ace_points_invalidation_matrix_luajit_selftest.lua,391,,anonymous,review-required,canonical helper candidate,anonymous-function,shared-or-unknown,review-required
tests/lua/ace_points_invalidation_matrix_luajit_selftest.lua,402,,anonymous,review-required,canonical helper candidate,anonymous-function,shared-or-unknown,review-required
tests/lua/ace_points_invalidation_matrix_luajit_selftest.lua,411,,anonymous,review-required,canonical helper candidate,anonymous-function,shared-or-unknown,review-required
tests/lua/ace_points_invalidation_matrix_luajit_selftest.lua,414,,anonymous,review-required,canonical helper candidate,anonymous-function,shared-or-unknown,review-required
tests/lua/ace_points_invalidation_matrix_luajit_selftest.lua,425,,anonymous,review-required,canonical helper candidate,anonymous-function,shared-or-unknown,review-required
tests/lua/ace_points_invalidation_matrix_luajit_selftest.lua,432,,anonymous,review-required,canonical helper candidate,anonymous-function,shared-or-unknown,review-required
tests/lua/ace_points_invalidation_matrix_luajit_selftest.lua,442,,anonymous,review-required,canonical helper candidate,anonymous-function,shared-or-unknown,review-required
tests/lua/ace_points_invalidation_matrix_luajit_selftest.lua,452,,anonymous,review-required,canonical helper candidate,anonymous-function,shared-or-unknown,review-required
tests/lua/ace_points_invalidation_matrix_luajit_selftest.lua,457,IsMarkedForDeletion,global,review-required,canonical helper candidate,function-assignment,shared-or-unknown,review-required
tests/lua/ace_points_invalidation_matrix_luajit_selftest.lua,459,,anonymous,review-required,canonical helper candidate,anonymous-function,shared-or-unknown,review-required
tests/lua/ace_points_invalidation_matrix_luajit_selftest.lua,467,,anonymous,review-required,canonical helper candidate,anonymous-function,shared-or-unknown,review-required
tests/lua/ace_points_invalidation_matrix_luajit_selftest.lua,471,,anonymous,review-required,canonical helper candidate,anonymous-function,shared-or-unknown,review-required
tests/lua/ace_points_invalidation_matrix_luajit_selftest.lua,474,,anonymous,review-required,canonical helper candidate,anonymous-function,shared-or-unknown,review-required
tests/lua/ace_points_invalidation_matrix_luajit_selftest.lua,483,failedDefuseCon._defuseFailure,global,review-required,canonical helper candidate,function-assignment,shared-or-unknown,review-required
tests/lua/ace_points_invalidation_matrix_luajit_selftest.lua,488,,anonymous,review-required,canonical helper candidate,anonymous-function,shared-or-unknown,review-required
tests/lua/ace_points_invalidation_matrix_luajit_selftest.lua,498,finalizedDefuseCon._defuseFailure,global,review-required,canonical helper candidate,function-assignment,shared-or-unknown,review-required
tests/lua/ace_points_invalidation_matrix_luajit_selftest.lua,504,,anonymous,review-required,canonical helper candidate,anonymous-function,shared-or-unknown,review-required
tests/lua/ace_points_invalidation_matrix_luajit_selftest.lua,518,,anonymous,review-required,canonical helper candidate,anonymous-function,shared-or-unknown,review-required
tests/lua/ace_points_invalidation_matrix_luajit_selftest.lua,521,,anonymous,review-required,canonical helper candidate,anonymous-function,shared-or-unknown,review-required
tests/lua/ace_points_invalidation_matrix_luajit_selftest.lua,531,,anonymous,review-required,canonical helper candidate,anonymous-function,shared-or-unknown,review-required
tests/lua/ace_points_invalidation_matrix_luajit_selftest.lua,536,,anonymous,review-required,canonical helper candidate,anonymous-function,shared-or-unknown,review-required
tests/lua/ace_points_invalidation_matrix_luajit_selftest.lua,545,,anonymous,review-required,canonical helper candidate,anonymous-function,shared-or-unknown,review-required
tests/lua/ace_points_invalidation_matrix_luajit_selftest.lua,551,,anonymous,review-required,canonical helper candidate,anonymous-function,shared-or-unknown,review-required
tests/lua/ace_points_invalidation_matrix_luajit_selftest.lua,560,,anonymous,review-required,canonical helper candidate,anonymous-function,shared-or-unknown,review-required
tests/lua/ace_points_invalidation_matrix_luajit_selftest.lua,568,,anonymous,review-required,canonical helper candidate,anonymous-function,shared-or-unknown,review-required
tests/lua/ace_points_invalidation_matrix_luajit_selftest.lua,571,,anonymous,review-required,canonical helper candidate,anonymous-function,shared-or-unknown,review-required
tests/lua/ace_points_invalidation_matrix_luajit_selftest.lua,582,,anonymous,review-required,canonical helper candidate,anonymous-function,shared-or-unknown,review-required
tests/lua/ace_points_invalidation_matrix_luajit_selftest.lua,590,,anonymous,review-required,canonical helper candidate,anonymous-function,shared-or-unknown,review-required
tests/lua/ace_points_invalidation_matrix_luajit_selftest.lua,601,,anonymous,review-required,canonical helper candidate,anonymous-function,shared-or-unknown,review-required
tests/lua/ace_points_invalidation_matrix_luajit_selftest.lua,607,,anonymous,review-required,canonical helper candidate,anonymous-function,shared-or-unknown,review-required
tests/lua/ace_points_invalidation_matrix_luajit_selftest.lua,613,,anonymous,review-required,canonical helper candidate,anonymous-function,shared-or-unknown,review-required
tests/lua/ace_points_invalidation_matrix_luajit_selftest.lua,621,,anonymous,review-required,canonical helper candidate,anonymous-function,shared-or-unknown,review-required
tests/lua/ace_points_invalidation_matrix_luajit_selftest.lua,624,,anonymous,review-required,canonical helper candidate,anonymous-function,shared-or-unknown,review-required
tests/lua/ace_points_invalidation_matrix_luajit_selftest.lua,627,,anonymous,review-required,canonical helper candidate,anonymous-function,shared-or-unknown,review-required
tests/lua/ace_points_invalidation_matrix_luajit_selftest.lua,633,,anonymous,review-required,canonical helper candidate,anonymous-function,shared-or-unknown,review-required
tests/lua/ace_points_invalidation_matrix_luajit_selftest.lua,636,,anonymous,review-required,canonical helper candidate,anonymous-function,shared-or-unknown,review-required
tests/lua/ace_points_invalidation_matrix_luajit_selftest.lua,639,,anonymous,review-required,canonical helper candidate,anonymous-function,shared-or-unknown,review-required
tests/lua/ace_points_invalidation_matrix_luajit_selftest.lua,642,,anonymous,review-required,canonical helper candidate,anonymous-function,shared-or-unknown,review-required
tests/lua/ace_points_invalidation_matrix_luajit_selftest.lua,649,,anonymous,review-required,canonical helper candidate,anonymous-function,shared-or-unknown,review-required
tests/lua/ace_points_invalidation_matrix_luajit_selftest.lua,652,,anonymous,review-required,canonical helper candidate,anonymous-function,shared-or-unknown,review-required
tests/lua/ace_points_invalidation_matrix_luajit_selftest.lua,672,CFW_GetContraption,global,review-required,canonical helper candidate,function-assignment,shared-or-unknown,review-required
tests/lua/ace_points_invalidation_matrix_luajit_selftest.lua,674,,anonymous,review-required,canonical helper candidate,anonymous-function,shared-or-unknown,review-required
tests/lua/ace_points_invalidation_matrix_luajit_selftest.lua,677,,anonymous,review-required,canonical helper candidate,anonymous-function,shared-or-unknown,review-required
tests/lua/ace_points_invalidation_matrix_luajit_selftest.lua,682,CFW_GetContraption,global,review-required,canonical helper candidate,function-assignment,shared-or-unknown,review-required
tests/lua/ace_points_invalidation_matrix_luajit_selftest.lua,684,,anonymous,review-required,canonical helper candidate,anonymous-function,shared-or-unknown,review-required
tests/lua/ace_points_invalidation_matrix_luajit_selftest.lua,687,,anonymous,review-required,canonical helper candidate,anonymous-function,shared-or-unknown,review-required
tests/lua/ace_points_invalidation_matrix_luajit_selftest.lua,694,,anonymous,review-required,canonical helper candidate,anonymous-function,shared-or-unknown,review-required
tests/lua/ace_points_invalidation_matrix_luajit_selftest.lua,725,,anonymous,review-required,canonical helper candidate,anonymous-function,shared-or-unknown,review-required
tests/lua/ace_points_model_luajit_selftest.lua,5,istable,global,review-required,canonical helper candidate,function,shared-or-unknown,review-required
tests/lua/ace_points_model_luajit_selftest.lua,6,ACE.IsEnt,global,ACE.table,ACE.table,function,shared-or-unknown,inventory-confirmed
tests/lua/ace_points_model_luajit_selftest.lua,26,GetClass,global,review-required,canonical helper candidate,function-assignment,shared-or-unknown,review-required
tests/lua/ace_primitive_armor_luajit_selftest.lua,6,hook.Add,global,review-required,canonical helper candidate,function,shared-or-unknown,review-required
tests/lua/ace_primitive_armor_luajit_selftest.lua,10,isValid,local,review-required,canonical helper candidate,function,shared-or-unknown,review-required
tests/lua/ace_primitive_armor_luajit_selftest.lua,16,isnumber,global,review-required,canonical helper candidate,function-assignment,shared-or-unknown,review-required
tests/lua/ace_primitive_armor_luajit_selftest.lua,17,istable,global,review-required,canonical helper candidate,function-assignment,shared-or-unknown,review-required
tests/lua/ace_primitive_armor_luajit_selftest.lua,18,isstring,global,review-required,canonical helper candidate,function-assignment,shared-or-unknown,review-required
tests/lua/ace_primitive_armor_luajit_selftest.lua,19,math.Clamp,global,review-required,canonical helper candidate,function-assignment,shared-or-unknown,review-required
tests/lua/ace_primitive_armor_luajit_selftest.lua,24,ACE.Activate,global,ACE.table,ACE.table,function,shared-or-unknown,inventory-confirmed
tests/lua/ace_primitive_armor_luajit_selftest.lua,35,ACE.ClearArmorPointCache,global,ACE.table,ACE.table,function,shared-or-unknown,inventory-confirmed
tests/lua/ace_primitive_armor_luajit_selftest.lua,37,ACE.MarkArmorDirty,global,ACE.table,ACE.table,function,shared-or-unknown,inventory-confirmed
tests/lua/ace_primitive_armor_luajit_selftest.lua,38,newPrimitive,local,review-required,canonical helper candidate,function,shared-or-unknown,review-required
tests/lua/ace_primitive_armor_luajit_selftest.lua,44,phys:GetMass,global,review-required,canonical helper candidate,function,shared-or-unknown,review-required
tests/lua/ace_primitive_armor_luajit_selftest.lua,51,ent:GetPhysicsObject,global,review-required,canonical helper candidate,function,shared-or-unknown,review-required
tests/lua/ace_primitive_armor_luajit_selftest.lua,52,ent:GetCollisionGroup,global,review-required,canonical helper candidate,function,shared-or-unknown,review-required
tests/lua/ace_primitive_armor_luajit_selftest.lua,53,ent:SetCollisionGroup,global,review-required,canonical helper candidate,function,shared-or-unknown,review-required
tests/lua/ace_primitive_armor_luajit_selftest.lua,54,ent:CFW_GetContraption,global,review-required,canonical helper candidate,function,shared-or-unknown,review-required
tests/lua/active_input_persistence_luajit_selftest.lua,3,read,local,review-required,canonical helper candidate,function,shared-or-unknown,review-required
tests/lua/active_input_persistence_luajit_selftest.lua,10,assertEqual,local,review-required,canonical helper candidate,function,shared-or-unknown,review-required
tests/lua/active_input_persistence_luajit_selftest.lua,22,IsValid,global,review-required,canonical helper candidate,function,shared-or-unknown,review-required
tests/lua/missile_visclip_selftest.lua,3,run_case,local,review-required,canonical helper candidate,function,shared-or-unknown,review-required
tests/lua/missile_visclip_selftest.lua,10,TraceLine,global,review-required,canonical helper candidate,function-assignment,shared-or-unknown,review-required
tests/lua/missile_visclip_selftest.lua,20,,anonymous,review-required,canonical helper candidate,anonymous-function,shared-or-unknown,review-required
